Workbook

Sheet Match Data - T
A1: MatchID | B1: Season | C1: H/V | D1: TeamID | E1: Team Captain | F1: TC All Stars | G1: TC-G1-AS | H1: TC-G2-AS | I1: TC-G3-AS | J1: TC-G4-AS | K1: TC-G5-AS | L1: Partner | M1: P-G1-AS | N1: P-G2-AS | O1: P-G3-AS | P1: P-G4-AS | Q1: P-G5-AS | R1: Partner All Stars | S1: G1 501 Avg | T1: G1 501 Pts | U1: G1 Out Player | V1: Out Score | W1: G2 501 Avg | X1: G2 501 Pts | Y1: G2 Out Player | Z1: G2 Out Score | AA1: 501 Avg | AB1: G3 Crick Avg | AC1: G3 Crick Pts | AD1: G3 Crick Close | AE1: G4 Crick Avg | AF1: G4 Crick Pts | AG1: G4 Crick Close | AH1: Crick Avg | AI1: 301 Avg | AJ1: G5 In Player | AK1: G5 In Score | AL1: G5 Out Player | AM1: G5 Out Score | AN1: 301 Pts | AO1: Tot Points
A2: 1-1 | B2: 2024 Winter | C2: H | D2: Daniel/David | E2: =LEFT(Table1[[#This Row],[TeamID]],FIND("/",Table1[[#This Row],[TeamID]])-1) -> Daniel | F2: 2 | L2: =SUBSTITUTE(Table1[[#This Row],[TeamID]],Table1[[#This Row],[Team Captain]]&"/","") -> David | R2: 1 | S2: 35.4 | T2: 0 | W2: 30.8 | X2: 0 | AA2: =(S2+W2)/2 -> 33.1 | AB2: 1.33 | AC2: 0 | AE2: 1.37 | AF2: 1 | AH2: =(AB2+AE2)/2 -> 1.35 | AI2: 23.76 | AN2: 1 | AO2: =T2+AC2+AN2+AF2+X2 -> 2
A3: 1-1 | B3: 2024 Winter | C3: V | D3: Brian/Olver | E3: =LEFT(Table1[[#This Row],[TeamID]],FIND("/",Table1[[#This Row],[TeamID]])-1) -> Brian | F3: 1 | L3: =SUBSTITUTE(Table1[[#This Row],[TeamID]],Table1[[#This Row],[Team Captain]]&"/","") -> Olver | R3: 1 | S3: 35.7 | T3: 1 | W3: 32.7 | X3: 1 | AA3: =(S3+W3)/2 -> 34.2 | AB3: 1.58 | AC3: 1 | AE3: 1.05 | AF3: 0 | AH3: =(AB3+AE3)/2 -> 1.315 | AI3: 23.42 | AN3: 0 | AO3: =T3+AC3+AN3+AF3+X3 -> 3
A4: 1-2 | B4: 2024 Winter | C4: H | D4: Tayven/Tony | E4: =LEFT(Table1[[#This Row],[TeamID]],FIND("/",Table1[[#This Row],[TeamID]])-1) -> Tayven | F4: 0 | L4: =SUBSTITUTE(Table1[[#This Row],[TeamID]],Table1[[#This Row],[Team Captain]]&"/","") -> Tony | R4: 0 | S4: 36.08 | T4: 0 | W4: 35.46 | X4: 0 | AA4: =(S4+W4)/2 -> 35.77 | AB4: 0.96 | AC4: 0 | AE4: 1.04 | AF4: 1 | AH4: =(AB4+AE4)/2 -> 1 | AI4: 22.68 | AN4: 0 | AO4: =T4+AC4+AN4+AF4+X4 -> 1
A5: 1-2 | B5: 2024 Winter | C5: V | D5: Mark/Neil | E5: =LEFT(Table1[[#This Row],[TeamID]],FIND("/",Table1[[#This Row],[TeamID]])-1) -> Mark | F5: 3 | L5: =SUBSTITUTE(Table1[[#This Row],[TeamID]],Table1[[#This Row],[Team Captain]]&"/","") -> Neil | R5: 1 | S5: 39.55 | T5: 1 | W5: 36.66 | X5: 1 | AA5: =(S5+W5)/2 -> 38.105 | AB5: 1.09 | AC5: 1 | AE5: 1.04 | AF5: 0 | AH5: =(AB5+AE5)/2 -> 1.065 | AI5: 27.76 | AN5: 1 | AO5: =T5+AC5+AN5+AF5+X5 -> 4
A6: 1-3 | B6: 2024 Winter | C6: H | D6: Clarence/Mike H | E6: =LEFT(Table1[[#This Row],[TeamID]],FIND("/",Table1[[#This Row],[TeamID]])-1) -> Clarence | F6: 0 | L6: =SUBSTITUTE(Table1[[#This Row],[TeamID]],Table1[[#This Row],[Team Captain]]&"/","") -> Mike H | R6: 0 | S6: 40.62 | T6: 1 | W6: 32.5 | X6: 0 | AA6: =(S6+W6)/2 -> 36.56 | AB6: 0.98 | AC6: 1 | AE6: 1.24 | AF6: 0 | AH6: =(AB6+AE6)/2 -> 1.11 | AI6: 22.77 | AN6: 0 | AO6: =T6+AC6+AN6+AF6+X6 -> 2
A7: 1-3 | B7: 2024 Winter | C7: V | D7: Todd/Mike C | E7: =LEFT(Table1[[#This Row],[TeamID]],FIND("/",Table1[[#This Row],[TeamID]])-1) -> Todd | F7: 1 | L7: =SUBSTITUTE(Table1[[#This Row],[TeamID]],Table1[[#This Row],[Team Captain]]&"/","") -> Mike C | R7: 0 | S7: 40.83 | T7: 0 | W7: 39.55 | X7: 1 | AA7: =(S7+W7)/2 -> 40.19 | AB7: 0.69 | AC7: 0 | AE7: 1.33 | AF7: 1 | AH7: =(AB7+AE7)/2 -> 1.01 | AI7: 23.76 | AN7: 1 | AO7: =T7+AC7+AN7+AF7+X7 -> 3
A8: 1-4 | B8: 2024 Winter | C8: H | D8: Kevin/Paul | E8: =LEFT(Table1[[#This Row],[TeamID]],FIND("/",Table1[[#This Row],[TeamID]])-1) -> Kevin | F8: 1 | I8: 1 | L8: =SUBSTITUTE(Table1[[#This Row],[TeamID]],Table1[[#This Row],[Team Captain]]&"/","") -> Paul | R8: 0 | S8: 32.7 | T8: 1 | U8: Kevin | V8: 20 | W8: 39.1 | X8: 0 | AA8: =(S8+W8)/2 -> 35.9 | AB8: 1.3 | AC8: 0 | AE8: 1.5 | AF8: 1 | AH8: =(AB8+AE8)/2 -> 1.4 | AI8: 11 | AJ8: Kevin | AK8: 35 | AN8: 0 | AO8: =T8+AC8+AN8+AF8+X8 -> 2
A9: 1-4 | B9: 2024 Winter | C9: V | D9: Jason/Mike A | E9: =LEFT(Table1[[#This Row],[TeamID]],FIND("/",Table1[[#This Row],[TeamID]])-1) -> Jason | F9: 1 | J9: 1 | L9: =SUBSTITUTE(Table1[[#This Row],[TeamID]],Table1[[#This Row],[Team Captain]]&"/","") -> Mike A | M9: 1 | R9: 1 | S9: 31.8 | T9: 0 | W9: 39.6 | X9: 1 | Y9: Mike A | Z9: 24 | AA9: =(S9+W9)/2 -> 35.7 | AB9: 1.3 | AC9: 1 | AE9: 1.5 | AF9: 0 | AH9: =(AB9+AE9)/2 -> 1.4 | AI9: 10.8 | AJ9: Mike A | AK9: 20 | AL9: Mike A | AM9: 4 | AN9: 1 | AO9: =T9+AC9+AN9+AF9+X9 -> 3
A10: 2-1 | B10: 2024 Winter | C10: H | D10: Jason/Mike A | E10: =LEFT(Table1[[#This Row],[TeamID]],FIND("/",Table1[[#This Row],[TeamID]])-1) -> Jason | F10: 1 | L10: =SUBSTITUTE(Table1[[#This Row],[TeamID]],Table1[[#This Row],[Team Captain]]&"/","") -> Mike A | R10: 1 | S10: 39.55 | T10: 1 | W10: 20.04 | X10: 1 | AA10: =(S10+W10)/2 -> 29.795 | AB10: 0.93 | AC10: 1 | AE10: 1.12 | AF10: 0 | AH10: =(AB10+AE10)/2 -> 1.025 | AI10: 39.26 | AN10: 1 | AO10: =T10+AC10+AN10+AF10+X10 -> 4
A11: 2-1 | B11: 2024 Winter | C11: V | D11: Todd/Mike C | E11: =LEFT(Table1[[#This Row],[TeamID]],FIND("/",Table1[[#This Row],[TeamID]])-1) -> Todd | F11: 0 | L11: =SUBSTITUTE(Table1[[#This Row],[TeamID]],Table1[[#This Row],[Team Captain]]&"/","") -> Mike C | R11: 0 | S11: 36.23 | T11: 0 | W11: 20.79 | X11: 0 | AA11: =(S11+W11)/2 -> 28.51 | AB11: 0.88 | AC11: 0 | AE11: 1.76 | AF11: 1 | AH11: =(AB11+AE11)/2 -> 1.32 | AI11: 39.86 | AN11: 0 | AO11: =T11+AC11+AN11+AF11+X11 -> 1
A12: 2-2 | B12: 2024 Winter | C12: H | D12: Kevin/Paul | E12: =LEFT(Table1[[#This Row],[TeamID]],FIND("/",Table1[[#This Row],[TeamID]])-1) -> Kevin | F12: 1 | L12: =SUBSTITUTE(Table1[[#This Row],[TeamID]],Table1[[#This Row],[Team Captain]]&"/","") -> Paul | R12: 1 | S12: 34.6 | T12: 0 | W12: 47 | X12: 1 | AA12: =(S12+W12)/2 -> 40.8 | AB12: 1.15 | AC12: 0 | AE12: 1.67 | AF12: 1 | AH12: =(AB12+AE12)/2 -> 1.41 | AI12: 21.8 | AN12: 0 | AO12: =T12+AC12+AN12+AF12+X12 -> 2
A13: 2-2 | B13: 2024 Winter | C13: V | D13: Clarence/Mike H | E13: =LEFT(Table1[[#This Row],[TeamID]],FIND("/",Table1[[#This Row],[TeamID]])-1) -> Clarence | F13: 0 | L13: =SUBSTITUTE(Table1[[#This Row],[TeamID]],Table1[[#This Row],[Team Captain]]&"/","") -> Mike H | R13: 1 | S13: 33.4 | T13: 1 | W13: 43.3 | X13: 0 | AA13: =(S13+W13)/2 -> 38.35 | AB13: 1.19 | AC13: 1 | AE13: 1.27 | AF13: 0 | AH13: =(AB13+AE13)/2 -> 1.23 | AI13: 23.8 | AN13: 1 | AO13: =T13+AC13+AN13+AF13+X13 -> 3
A14: 2-3 | B14: 2024 Winter | C14: H | D14: Daniel/David | E14: =LEFT(Table1[[#This Row],[TeamID]],FIND("/",Table1[[#This Row],[TeamID]])-1) -> Daniel | F14: 2 | L14: =SUBSTITUTE(Table1[[#This Row],[TeamID]],Table1[[#This Row],[Team Captain]]&"/","") -> David | R14: 1 | S14: 41.6 | T14: 0 | W14: 38.5 | X14: 1 | AA14: =(S14+W14)/2 -> 40.05 | AB14: 1.16 | AC14: 1 | AE14: 1.42 | AF14: 1 | AH14: =(AB14+AE14)/2 -> 1.29 | AI14: 29.3 | AN14: 0 | AO14: =T14+AC14+AN14+AF14+X14 -> 3
A15: 2-3 | B15: 2024 Winter | C15: V | D15: Tayven/Tony | E15: =LEFT(Table1[[#This Row],[TeamID]],FIND("/",Table1[[#This Row],[TeamID]])-1) -> Tayven | F15: 0 | L15: =SUBSTITUTE(Table1[[#This Row],[TeamID]],Table1[[#This Row],[Team Captain]]&"/","") -> Tony | R15: 1 | S15: 46.8 | T15: 1 | W15: 44.3 | X15: 0 | AA15: =(S15+W15)/2 -> 45.55 | AB15: 1.12 | AC15: 0 | AE15: 1.25 | AF15: 0 | AH15: =(AB15+AE15)/2 -> 1.185 | AI15: 29.1 | AN15: 1 | AO15: =T15+AC15+AN15+AF15+X15 -> 2
A16: 2-4 | B16: 2024 Winter | C16: H | D16: Brian/Olver | E16: =LEFT(Table1[[#This Row],[TeamID]],FIND("/",Table1[[#This Row],[TeamID]])-1) -> Brian | F16: 0 | L16: =SUBSTITUTE(Table1[[#This Row],[TeamID]],Table1[[#This Row],[Team Captain]]&"/","") -> Olver | R16: 0 | S16: 32.6 | T16: 0 | W16: 43.1 | X16: 0 | AA16: =(S16+W16)/2 -> 37.85 | AB16: 1.42 | AC16: 0 | AE16: 0.73 | AF16: 0 | AH16: =(AB16+AE16)/2 -> 1.075 | AI16: 17.4 | AN16: 1 | AO16: =T16+AC16+AN16+AF16+X16 -> 1
A17: 2-4 | B17: 2024 Winter | C17: V | D17: Mark/Neil | E17: =LEFT(Table1[[#This Row],[TeamID]],FIND("/",Table1[[#This Row],[TeamID]])-1) -> Mark | F17: 2 | L17: =SUBSTITUTE(Table1[[#This Row],[TeamID]],Table1[[#This Row],[Team Captain]]&"/","") -> Neil | R17: 1 | S17: 37.6 | T17: 1 | W17: 48.5 | X17: 1 | AA17: =(S17+W17)/2 -> 43.05 | AB17: 1.6 | AC17: 1 | AE17: 0.93 | AF17: 1 | AH17: =(AB17+AE17)/2 -> 1.265 | AI17: 16.3 | AN17: 0 | AO17: =T17+AC17+AN17+AF17+X17 -> 4
A18: 3-1 | B18: 2024 Winter | C18: H | D18: Tayven/Tony | E18: =LEFT(Table1[[#This Row],[TeamID]],FIND("/",Table1[[#This Row],[TeamID]])-1) -> Tayven | F18: 4 | L18: =SUBSTITUTE(Table1[[#This Row],[TeamID]],Table1[[#This Row],[Team Captain]]&"/","") -> Tony | R18: 0 | S18: 34.95 | T18: 1 | W18: 36.66 | X18: 1 | AA18: =(S18+W18)/2 -> 35.805 | AB18: 1.06 | AC18: 0 | AE18: 1.27 | AF18: 1 | AH18: =(AB18+AE18)/2 -> 1.165 | AI18: 13.5 | AN18: 0 | AO18: =T18+AC18+AN18+AF18+X18 -> 3
A19: 3-1 | B19: 2024 Winter | C19: V | D19: Clarence/Mike H | E19: =LEFT(Table1[[#This Row],[TeamID]],FIND("/",Table1[[#This Row],[TeamID]])-1) -> Clarence | F19: 1 | L19: =SUBSTITUTE(Table1[[#This Row],[TeamID]],Table1[[#This Row],[Team Captain]]&"/","") -> Mike H | R19: 1 | S19: 25.5 | T19: 0 | W19: 35.5 | X19: 0 | AA19: =(S19+W19)/2 -> 30.5 | AB19: 1.21 | AC19: 1 | AE19: 1 | AF19: 0 | AH19: =(AB19+AE19)/2 -> 1.105 | AI19: 13.18 | AN19: 1 | AO19: =T19+AC19+AN19+AF19+X19 -> 2
A20: 3-2 | B20: 2024 Winter | C20: H | D20: Jason/Mike A | E20: =LEFT(Table1[[#This Row],[TeamID]],FIND("/",Table1[[#This Row],[TeamID]])-1) -> Jason | F20: 1 | L20: =SUBSTITUTE(Table1[[#This Row],[TeamID]],Table1[[#This Row],[Team Captain]]&"/","") -> Mike A | R20: 1 | S20: 32.7 | T20: 1 | W20: 50.1 | X20: 1 | AA20: =(S20+W20)/2 -> 41.4 | AB20: 1.45 | AC20: 1 | AE20: 1.5 | AF20: 1 | AH20: =(AB20+AE20)/2 -> 1.475 | AI20: 29.9 | AN20: 0 | AO20: =T20+AC20+AN20+AF20+X20 -> 4
A21: 3-2 | B21: 2024 Winter | C21: V | D21: Brian/Olver | E21: =LEFT(Table1[[#This Row],[TeamID]],FIND("/",Table1[[#This Row],[TeamID]])-1) -> Brian | F21: 2 | L21: =SUBSTITUTE(Table1[[#This Row],[TeamID]],Table1[[#This Row],[Team Captain]]&"/","") -> Olver | R21: 1 | S21: 30.31 | T21: 0 | W21: 43.8 | X21: 0 | AA21: =(S21+W21)/2 -> 37.055 | AB21: 0.86 | AC21: 0 | AE21: 1.39 | AF21: 0 | AH21: =(AB21+AE21)/2 -> 1.125 | AI21: 28.22 | AN21: 1 | AO21: =T21+AC21+AN21+AF21+X21 -> 1
... A57: 7-4 | B57: 2024 Winter | C57: V | D57: Tayven/Tony | E57: =LEFT(Table1[[#This Row],[TeamID]],FIND("/",Table1[[#This Row],[TeamID]])-1) -> Tayven | F57: 3 | L57: =SUBSTITUTE(Table1[[#This Row],[TeamID]],Table1[[#This Row],[Team Captain]]&"/","") -> Tony | R57: 1 | S57: 20.75 | T57: 0 | W57: 18.11 | X57: 1 | AA57: =(S57+W57)/2 -> 19.43 | AB57: 1 | AC57: 1 | AE57: 1.81 | AF57: 1 | AH57: =(AB57+AE57)/2 -> 1.405 | AI57: 22.23 | AN57: 0 | AO57: =T57+AC57+AN57+AF57+X57 -> 3
A58: 1-1 | B58: 2024 Summer | C58: H | D58: Mark/Mike C | E58: =LEFT(Table1[[#This Row],[TeamID]],FIND("/",Table1[[#This Row],[TeamID]])-1) -> Mark | F58: =Table1[[#This Row],[TC-G1-AS]]+Table1[[#This Row],[TC-G2-AS]]+Table1[[#This Row],[TC-G3-AS]]+Table1[[#This Row],[TC-G4-AS]]+Table1[[#This Row],[TC-G5-AS]] -> 2 | H58: 1 | J58: 1 | L58: =SUBSTITUTE(Table1[[#This Row],[TeamID]],Table1[[#This Row],[Team Captain]]&"/","") -> Mike C | M58: 2 | R58: =Table1[[#This Row],[P-G1-AS]]+Table1[[#This Row],[P-G2-AS]]+Table1[[#This Row],[P-G3-AS]]+Table1[[#This Row],[P-G4-AS]]+Table1[[#This Row],[P-G5-AS]] -> 2 | S58: 44.27 | T58: 0 | W58: 29.47 | X58: 0 | AA58: =(S58+W58)/2 -> 36.87 | AB58: 1.53 | AC58: 0 | AE58: 1.28 | AF58: 0 | AH58: =(AB58+AE58)/2 -> 1.405 | AI58: 26.27 | AJ58: Mike C | AK58: 39 | AN58: 0 | AO58: =T58+AC58+AN58+AF58+X58 -> 0
A59: 1-1 | B59: 2024 Summer | C59: V | D59: Tayven/Clarence | E59: =LEFT(Table1[[#This Row],[TeamID]],FIND("/",Table1[[#This Row],[TeamID]])-1) -> Tayven | F59: =Table1[[#This Row],[TC-G1-AS]]+Table1[[#This Row],[TC-G2-AS]]+Table1[[#This Row],[TC-G3-AS]]+Table1[[#This Row],[TC-G4-AS]]+Table1[[#This Row],[TC-G5-AS]] -> 1 | K59: 1 | L59: =SUBSTITUTE(Table1[[#This Row],[TeamID]],Table1[[#This Row],[Team Captain]]&"/","") -> Clarence | R59: =Table1[[#This Row],[P-G1-AS]]+Table1[[#This Row],[P-G2-AS]]+Table1[[#This Row],[P-G3-AS]]+Table1[[#This Row],[P-G4-AS]]+Table1[[#This Row],[P-G5-AS]] -> 0 | S59: 44.21 | T59: 1 | U59: Tayven | V59: 14 | W59: 29 | X59: 1 | Y59: Tayven | Z59: 2 | AA59: =(S59+W59)/2 -> 36.605 | AB59: 1.83 | AC59: 1 | AE59: 1.44 | AF59: 1 | AH59: =(AB59+AE59)/2 -> 1.635 | AI59: 26.56 | AJ59: Clarence | AK59: 39 | AL59: Clarence | AM59: 16 | AN59: 1 | AO59: =T59+AC59+AN59+AF59+X59 -> 5
A60: 1-2 | B60: 2024 Summer | C60: H | D60: Daniel/Matt | E60: =LEFT(Table1[[#This Row],[TeamID]],FIND("/",Table1[[#This Row],[TeamID]])-1) -> Daniel | F60: =Table1[[#This Row],[TC-G1-AS]]+Table1[[#This Row],[TC-G2-AS]]+Table1[[#This Row],[TC-G3-AS]]+Table1[[#This Row],[TC-G4-AS]]+Table1[[#This Row],[TC-G5-AS]] -> 1 | J60: 1 | L60: =SUBSTITUTE(Table1[[#This Row],[TeamID]],Table1[[#This Row],[Team Captain]]&"/","") -> Matt | M60: 2 | R60: =Table1[[#This Row],[P-G1-AS]]+Table1[[#This Row],[P-G2-AS]]+Table1[[#This Row],[P-G3-AS]]+Table1[[#This Row],[P-G4-AS]]+Table1[[#This Row],[P-G5-AS]] -> 2 | S60: 41.08 | T60: 0 | W60: 40.08 | X60: 0 | AA60: =(S60+W60)/2 -> 40.58 | AB60: 1.32 | AC60: 0 | AE60: 1.4 | AF60: 1 | AH60: =(AB60+AE60)/2 -> 1.36 | AI60: 27.36 | AJ60: Daniel | AK60: 2 | AL60: Daniel | AM60: 40 | AN60: 1 | AO60: =T60+AC60+AN60+AF60+X60 -> 2
A61: 1-2 | B61: 2024 Summer | C61: V | D61: Todd/Mike H | E61: =LEFT(Table1[[#This Row],[TeamID]],FIND("/",Table1[[#This Row],[TeamID]])-1) -> Todd | F61: =Table1[[#This Row],[TC-G1-AS]]+Table1[[#This Row],[TC-G2-AS]]+Table1[[#This Row],[TC-G3-AS]]+Table1[[#This Row],[TC-G4-AS]]+Table1[[#This Row],[TC-G5-AS]] -> 0 | L61: =SUBSTITUTE(Table1[[#This Row],[TeamID]],Table1[[#This Row],[Team Captain]]&"/","") -> Mike H | R61: =Table1[[#This Row],[P-G1-AS]]+Table1[[#This Row],[P-G2-AS]]+Table1[[#This Row],[P-G3-AS]]+Table1[[#This Row],[P-G4-AS]]+Table1[[#This Row],[P-G5-AS]] -> 0 | S61: 42.94 | T61: 1 | U61: Mike H | V61: 11 | W61: 40.62 | X61: 1 | Y61: Mike H | Z61: 16 | AA61: =(S61+W61)/2 -> 41.78 | AB61: 1.75 | AC61: 1 | AE61: 1.07 | AF61: 0 | AH61: =(AB61+AE61)/2 -> 1.41 | AI61: 29.5 | AJ61: Todd | AK61: 31 | AN61: 0 | AO61: =T61+AC61+AN61+AF61+X61 -> 3
A62: 1-3 | B62: 2024 Summer | C62: H | D62: Mike A/Paul | E62: =LEFT(Table1[[#This Row],[TeamID]],FIND("/",Table1[[#This Row],[TeamID]])-1) -> Mike A | F62: =Table1[[#This Row],[TC-G1-AS]]+Table1[[#This Row],[TC-G2-AS]]+Table1[[#This Row],[TC-G3-AS]]+Table1[[#This Row],[TC-G4-AS]]+Table1[[#This Row],[TC-G5-AS]] -> 0 | L62: =SUBSTITUTE(Table1[[#This Row],[TeamID]],Table1[[#This Row],[Team Captain]]&"/","") -> Paul | O62: 1 | R62: =Table1[[#This Row],[P-G1-AS]]+Table1[[#This Row],[P-G2-AS]]+Table1[[#This Row],[P-G3-AS]]+Table1[[#This Row],[P-G4-AS]]+Table1[[#This Row],[P-G5-AS]] -> 1 | S62: 40.58 | T62: 0 | W62: 41.5 | X62: 0 | AA62: =(S62+W62)/2 -> 41.04 | AB62: 1.37 | AC62: 1 | AE62: 0.95 | AF62: 0 | AH62: =(AB62+AE62)/2 -> 1.16 | AI62: 18.06 | AJ62: Paul | AK62: 44 | AL62: Mike A | AM62: 3 | AN62: 1 | AO62: =T62+AC62+AN62+AF62+X62 -> 2
A63: 1-3 | B63: 2024 Summer | C63: V | D63: Brian/Neil | E63: =LEFT(Table1[[#This Row],[TeamID]],FIND("/",Table1[[#This Row],[TeamID]])-1) -> Brian | F63: =Table1[[#This Row],[TC-G1-AS]]+Table1[[#This Row],[TC-G2-AS]]+Table1[[#This Row],[TC-G3-AS]]+Table1[[#This Row],[TC-G4-AS]]+Table1[[#This Row],[TC-G5-AS]] -> 2 | I63: 1 | J63: 1 | L63: =SUBSTITUTE(Table1[[#This Row],[TeamID]],Table1[[#This Row],[Team Captain]]&"/","") -> Neil | R63: =Table1[[#This Row],[P-G1-AS]]+Table1[[#This Row],[P-G2-AS]]+Table1[[#This Row],[P-G3-AS]]+Table1[[#This Row],[P-G4-AS]]+Table1[[#This Row],[P-G5-AS]] -> 0 | S63: 39.55 | T63: 1 | U63: Brian | V63: 16 | W63: 44.21 | X63: 1 | Y63: Brian | Z63: 32 | AA63: =(S63+W63)/2 -> 41.88 | AB63: 1.21 | AC63: 0 | AE63: 1.18 | AF63: 1 | AH63: =(AB63+AE63)/2 -> 1.195 | AI63: 17.35 | AJ63: Neil | AK63: 50 | AN63: 0 | AO63: =T63+AC63+AN63+AF63+X63 -> 3
A64: 1-4 | B64: 2024 Summer | C64: H | D64: Jason/Olver | E64: =LEFT(Table1[[#This Row],[TeamID]],FIND("/",Table1[[#This Row],[TeamID]])-1) -> Jason | F64: =Table1[[#This Row],[TC-G1-AS]]+Table1[[#This Row],[TC-G2-AS]]+Table1[[#This Row],[TC-G3-AS]]+Table1[[#This Row],[TC-G4-AS]]+Table1[[#This Row],[TC-G5-AS]] -> 2 | J64: 2 | L64: =SUBSTITUTE(Table1[[#This Row],[TeamID]],Table1[[#This Row],[Team Captain]]&"/","") -> Olver | R64: =Table1[[#This Row],[P-G1-AS]]+Table1[[#This Row],[P-G2-AS]]+Table1[[#This Row],[P-G3-AS]]+Table1[[#This Row],[P-G4-AS]]+Table1[[#This Row],[P-G5-AS]] -> 0 | S64: 33.78 | T64: 0 | W64: 35.36 | X64: 0 | AA64: =(S64+W64)/2 -> 34.57 | AB64: 0.78 | AC64: 0 | AE64: 1.45 | AF64: 0 | AH64: =(AB64+AE64)/2 -> 1.115 | AI64: 19.93 | AJ64: Jason | AK64: 52 | AN64: 0 | AO64: =T64+AC64+AN64+AF64+X64 -> 0
A65: 1-4 | B65: 2024 Summer | C65: V | D65: Kevin/Tony | E65: =LEFT(Table1[[#This Row],[TeamID]],FIND("/",Table1[[#This Row],[TeamID]])-1) -> Kevin | F65: =Table1[[#This Row],[TC-G1-AS]]+Table1[[#This Row],[TC-G2-AS]]+Table1[[#This Row],[TC-G3-AS]]+Table1[[#This Row],[TC-G4-AS]]+Table1[[#This Row],[TC-G5-AS]] -> 2 | G65: 1 | H65: 1 | L65: =SUBSTITUTE(Table1[[#This Row],[TeamID]],Table1[[#This Row],[Team Captain]]&"/","") -> Tony | N65: 1 | R65: =Table1[[#This Row],[P-G1-AS]]+Table1[[#This Row],[P-G2-AS]]+Table1[[#This Row],[P-G3-AS]]+Table1[[#This Row],[P-G4-AS]]+Table1[[#This Row],[P-G5-AS]] -> 1 | S65: 50.01 | T65: 1 | U65: Tony | V65: 72 | W65: 35.79 | X65: 1 | Y65: Kevin | Z65: 32 | AA65: =(S65+W65)/2 -> 42.9 | AB65: 1.26 | AC65: 1 | AE65: 1.33 | AF65: 1 | AH65: =(AB65+AE65)/2 -> 1.295 | AI65: 20.07 | AJ65: Kevin | AK65: 32 | AL65: Kevin | AM65: 8 | AN65: 1 | AO65: =T65+AC65+AN65+AF65+X65 -> 5
A66: 2-1 | B66: 2024 Summer | C66: H | D66: Kevin/Tony | E66: =LEFT(Table1[[#This Row],[TeamID]],FIND("/",Table1[[#This Row],[TeamID]])-1) -> Kevin | F66: =Table1[[#This Row],[TC-G1-AS]]+Table1[[#This Row],[TC-G2-AS]]+Table1[[#This Row],[TC-G3-AS]]+Table1[[#This Row],[TC-G4-AS]]+Table1[[#This Row],[TC-G5-AS]] -> 2 | I66: 1 | K66: 1 | L66: =SUBSTITUTE(Table1[[#This Row],[TeamID]],Table1[[#This Row],[Team Captain]]&"/","") -> Tony | M66: 1 | R66: =Table1[[#This Row],[P-G1-AS]]+Table1[[#This Row],[P-G2-AS]]+Table1[[#This Row],[P-G3-AS]]+Table1[[#This Row],[P-G4-AS]]+Table1[[#This Row],[P-G5-AS]] -> 1 | S66: 35.07 | T66: 0 | W66: 25.91 | X66: 1 | Y66: Kevin | Z66: 8 | AA66: =(S66+W66)/2 -> 30.49 | AB66: 1.4 | AC66: 0 | AE66: 1.05 | AF66: 0 | AH66: =(AB66+AE66)/2 -> 1.225 | AI66: 64.5 | AJ66: Kevin | AK66: 54 | AL66: Kevin | AM66: 48 | AN66: 1 | AO66: =T66+AC66+AN66+AF66+X66 -> 2
A67: 2-1 | B67: 2024 Summer | C67: V | D67: Brian/Neil | E67: =LEFT(Table1[[#This Row],[TeamID]],FIND("/",Table1[[#This Row],[TeamID]])-1) -> Brian | F67: =Table1[[#This Row],[TC-G1-AS]]+Table1[[#This Row],[TC-G2-AS]]+Table1[[#This Row],[TC-G3-AS]]+Table1[[#This Row],[TC-G4-AS]]+Table1[[#This Row],[TC-G5-AS]] -> 1 | J67: 1 | L67: =SUBSTITUTE(Table1[[#This Row],[TeamID]],Table1[[#This Row],[Team Captain]]&"/","") -> Neil | R67: =Table1[[#This Row],[P-G1-AS]]+Table1[[#This Row],[P-G2-AS]]+Table1[[#This Row],[P-G3-AS]]+Table1[[#This Row],[P-G4-AS]]+Table1[[#This Row],[P-G5-AS]] -> 0 | S67: 33.4 | T67: 1 | U67: Brian | V67: 32 | W67: 25.84 | AA67: =(S67+W67)/2 -> 29.62 | AB67: 1.44 | AC67: 1 | AE67: 1.1 | AF67: 1 | AH67: =(AB67+AE67)/2 -> 1.27 | AI67: 25.8 | AJ67: Brian | AK67: 34 | AO67: =T67+AC67+AN67+AF67+X67 -> 3
A68: 2-2 | B68: 2024 Summer | C68: H | D68: Daniel/Matt | E68: =LEFT(Table1[[#This Row],[TeamID]],FIND("/",Table1[[#This Row],[TeamID]])-1) -> Daniel | F68: =Table1[[#This Row],[TC-G1-AS]]+Table1[[#This Row],[TC-G2-AS]]+Table1[[#This Row],[TC-G3-AS]]+Table1[[#This Row],[TC-G4-AS]]+Table1[[#This Row],[TC-G5-AS]] -> 1 | H68: 1 | L68: =SUBSTITUTE(Table1[[#This Row],[TeamID]],Table1[[#This Row],[Team Captain]]&"/","") -> Matt | R68: =Table1[[#This Row],[P-G1-AS]]+Table1[[#This Row],[P-G2-AS]]+Table1[[#This Row],[P-G3-AS]]+Table1[[#This Row],[P-G4-AS]]+Table1[[#This Row],[P-G5-AS]] -> 0 | S68: 33.4 | T68: 1 | U68: Daniel | V68: 33 | W68: 37.57 | X68: 1 | Y68: Daniel | Z68: 20 | AA68: =(S68+W68)/2 -> 35.485 | AB68: 1.57 | AC68: 1 | AE68: 1.62 | AF68: 1 | AH68: =(AB68+AE68)/2 -> 1.595 | AI68: 30.1 | AJ68: Daniel | AK68: 70 | AL68: Daniel | AM68: 68 | AN68: 1 | AO68: =T68+AC68+AN68+AF68+X68 -> 5
A69: 2-2 | B69: 2024 Summer | C69: V | D69: Mark/Mike C | E69: =LEFT(Table1[[#This Row],[TeamID]],FIND("/",Table1[[#This Row],[TeamID]])-1) -> Mark | F69: =Table1[[#This Row],[TC-G1-AS]]+Table1[[#This Row],[TC-G2-AS]]+Table1[[#This Row],[TC-G3-AS]]+Table1[[#This Row],[TC-G4-AS]]+Table1[[#This Row],[TC-G5-AS]] -> 1 | J69: 1 | L69: =SUBSTITUTE(Table1[[#This Row],[TeamID]],Table1[[#This Row],[Team Captain]]&"/","") -> Mike C | R69: =Table1[[#This Row],[P-G1-AS]]+Table1[[#This Row],[P-G2-AS]]+Table1[[#This Row],[P-G3-AS]]+Table1[[#This Row],[P-G4-AS]]+Table1[[#This Row],[P-G5-AS]] -> 0 | S69: 34.64 | T69: 0 | W69: 32.25 | X69: 0 | AA69: =(S69+W69)/2 -> 33.445 | AB69: 1.14 | AC69: 0 | AE69: 1.4 | AF69: 0 | AH69: =(AB69+AE69)/2 -> 1.27 | AI69: 29.56 | AJ69: Mark | AK69: 42 | AN69: 0 | AO69: =T69+AC69+AN69+AF69+X69 -> 0
A70: 2-3 | B70: 2024 Summer | C70: H | D70: Todd/Mike H | E70: =LEFT(Table1[[#This Row],[TeamID]],FIND("/",Table1[[#This Row],[TeamID]])-1) -> Todd | F70: =Table1[[#This Row],[TC-G1-AS]]+Table1[[#This Row],[TC-G2-AS]]+Table1[[#This Row],[TC-G3-AS]]+Table1[[#This Row],[TC-G4-AS]]+Table1[[#This Row],[TC-G5-AS]] -> 1 | I70: 1 | L70: =SUBSTITUTE(Table1[[#This Row],[TeamID]],Table1[[#This Row],[Team Captain]]&"/","") -> Mike H | R70: =Table1[[#This Row],[P-G1-AS]]+Table1[[#This Row],[P-G2-AS]]+Table1[[#This Row],[P-G3-AS]]+Table1[[#This Row],[P-G4-AS]]+Table1[[#This Row],[P-G5-AS]] -> 0 | S70: 33 | T70: 0 | W70: 29 | X70: 0 | AA70: =(S70+W70)/2 -> 31 | AB70: 1.33 | AC70: 1 | AE70: 1.45 | AF70: 1 | AH70: =(AB70+AE70)/2 -> 1.39 | AI70: 28.22 | AJ70: Todd | AK70: 22 | AL70: Mike H | AM70: 8 | AN70: 1 | AO70: =T70+AC70+AN70+AF70+X70 -> 3
A71: 2-3 | B71: 2024 Summer | C71: V | D71: Tayven/Clarence | E71: =LEFT(Table1[[#This Row],[TeamID]],FIND("/",Table1[[#This Row],[TeamID]])-1) -> Tayven | F71: =Table1[[#This Row],[TC-G1-AS]]+Table1[[#This Row],[TC-G2-AS]]+Table1[[#This Row],[TC-G3-AS]]+Table1[[#This Row],[TC-G4-AS]]+Table1[[#This Row],[TC-G5-AS]] -> 4 | G71: 1 | I71: 1 | K71: 2 | L71: =SUBSTITUTE(Table1[[#This Row],[TeamID]],Table1[[#This Row],[Team Captain]]&"/","") -> Clarence | R71: =Table1[[#This Row],[P-G1-AS]]+Table1[[#This Row],[P-G2-AS]]+Table1[[#This Row],[P-G3-AS]]+Table1[[#This Row],[P-G4-AS]]+Table1[[#This Row],[P-G5-AS]] -> 0 | S71: 36.66 | T71: 1 | U71: Tayven | V71: 4 | W71: 33.4 | X71: 1 | Y71: Tayven | Z71: 2 | AA71: =(S71+W71)/2 -> 35.03 | AB71: 1.3 | AC71: 0 | AE71: 1.35 | AF71: 0 | AH71: =(AB71+AE71)/2 -> 1.325 | AI71: 27.2 | AJ71: Tayven | AK71: 108 | AN71: 0 | AO71: =T71+AC71+AN71+AF71+X71 -> 2
A72: 2-4 | B72: 2024 Summer | C72: H | D72: Jason/Olver | E72: =LEFT(Table1[[#This Row],[TeamID]],FIND("/",Table1[[#This Row],[TeamID]])-1) -> Jason | F72: =Table1[[#This Row],[TC-G1-AS]]+Table1[[#This Row],[TC-G2-AS]]+Table1[[#This Row],[TC-G3-AS]]+Table1[[#This Row],[TC-G4-AS]]+Table1[[#This Row],[TC-G5-AS]] -> 1 | I72: 1 | L72: =SUBSTITUTE(Table1[[#This Row],[TeamID]],Table1[[#This Row],[Team Captain]]&"/","") -> Olver | N72: 1 | R72: =Table1[[#This Row],[P-G1-AS]]+Table1[[#This Row],[P-G2-AS]]+Table1[[#This Row],[P-G3-AS]]+Table1[[#This Row],[P-G4-AS]]+Table1[[#This Row],[P-G5-AS]] -> 1 | S72: 17.48 | T72: 1 | U72: Jason | V72: 2 | W72: 34.95 | X72: 1 | Y72: Olver | Z72: 20 | AA72: =(S72+W72)/2 -> 26.215 | AB72: 0.78 | AC72: 0 | AE72: 0.87 | AF72: 0 | AH72: =(AB72+AE72)/2 -> 0.825 | AI72: 39.26 | AJ72: Jason | AK72: 32 | AL72: Olver | AM72: 20 | AN72: 1 | AO72: =T72+AC72+AN72+AF72+X72 -> 3
A73: 2-4 | B73: 2024 Summer | C73: V | D73: Mike A/Paul | E73: =LEFT(Table1[[#This Row],[TeamID]],FIND("/",Table1[[#This Row],[TeamID]])-1) -> Mike A | F73: =Table1[[#This Row],[TC-G1-AS]]+Table1[[#This Row],[TC-G2-AS]]+Table1[[#This Row],[TC-G3-AS]]+Table1[[#This Row],[TC-G4-AS]]+Table1[[#This Row],[TC-G5-AS]] -> 0 | L73: =SUBSTITUTE(Table1[[#This Row],[TeamID]],Table1[[#This Row],[Team Captain]]&"/","") -> Paul | R73: =Table1[[#This Row],[P-G1-AS]]+Table1[[#This Row],[P-G2-AS]]+Table1[[#This Row],[P-G3-AS]]+Table1[[#This Row],[P-G4-AS]]+Table1[[#This Row],[P-G5-AS]] -> 0 | S73: 17.82 | T73: 0 | W73: 32.87 | X73: 0 | AA73: =(S73+W73)/2 -> 25.345 | AB73: 1.3 | AC73: 1 | AE73: 1.29 | AF73: 1 | AH73: =(AB73+AE73)/2 -> 1.295 | AI73: 34.88 | AJ73: Mike A | AK73: 45 | AN73: 0 | AO73: =T73+AC73+AN73+AF73+X73 -> 2
A74: 3-1 | B74: 2024 Summer | C74: H | D74: Mark/Mike C | E74: =LEFT(Table1[[#This Row],[TeamID]],FIND("/",Table1[[#This Row],[TeamID]])-1) -> Mark | F74: =Table1[[#This Row],[TC-G1-AS]]+Table1[[#This Row],[TC-G2-AS]]+Table1[[#This Row],[TC-G3-AS]]+Table1[[#This Row],[TC-G4-AS]]+Table1[[#This Row],[TC-G5-AS]] -> 0 | L74: =SUBSTITUTE(Table1[[#This Row],[TeamID]],Table1[[#This Row],[Team Captain]]&"/","") -> Mike C | Q74: 1 | R74: =Table1[[#This Row],[P-G1-AS]]+Table1[[#This Row],[P-G2-AS]]+Table1[[#This Row],[P-G3-AS]]+Table1[[#This Row],[P-G4-AS]]+Table1[[#This Row],[P-G5-AS]] -> 1 | S74: 13.42 | T74: 1 | U74: Mike C | V74: 3 | W74: 37.57 | X74: 1 | Y74: Mark | Z74: 3 | AA74: =(S74+W74)/2 -> 25.495 | AB74: 0.96 | AC74: 1 | AE74: 1.5 | AF74: 0 | AH74: =(AB74+AE74)/2 -> 1.23 | AI74: 24.08 | AJ74: Mark | AK74: 19 | AN74: 0 | AO74: =T74+AC74+AN74+AF74+X74 -> 3
A75: 3-1 | B75: 2024 Summer | C75: V | D75: Mike A/Paul | E75: =LEFT(Table1[[#This Row],[TeamID]],FIND("/",Table1[[#This Row],[TeamID]])-1) -> Mike A | F75: =Table1[[#This Row],[TC-G1-AS]]+Table1[[#This Row],[TC-G2-AS]]+Table1[[#This Row],[TC-G3-AS]]+Table1[[#This Row],[TC-G4-AS]]+Table1[[#This Row],[TC-G5-AS]] -> 2 | G75: 1 | K75: 1 | L75: =SUBSTITUTE(Table1[[#This Row],[TeamID]],Table1[[#This Row],[Team Captain]]&"/","") -> Paul | R75: =Table1[[#This Row],[P-G1-AS]]+Table1[[#This Row],[P-G2-AS]]+Table1[[#This Row],[P-G3-AS]]+Table1[[#This Row],[P-G4-AS]]+Table1[[#This Row],[P-G5-AS]] -> 0 | S75: 13.13 | T75: 0 | W75: 35.77 | X75: 0 | AA75: =(S75+W75)/2 -> 24.45 | AB75: 0.96 | AC75: 0 | AE75: 2 | AF75: 1 | AH75: =(AB75+AE75)/2 -> 1.48 | AI75: 23.76 | AJ75: Mike A | AK75: 46 | AL75: Mike A | AM75: 4 | AN75: 1 | AO75: =T75+AC75+AN75+AF75+X75 -> 2
A76: 3-2 | B76: 2024 Summer | C76: H | D76: Jason/Olver | E76: =LEFT(Table1[[#This Row],[TeamID]],FIND("/",Table1[[#This Row],[TeamID]])-1) -> Jason | F76: =Table1[[#This Row],[TC-G1-AS]]+Table1[[#This Row],[TC-G2-AS]]+Table1[[#This Row],[TC-G3-AS]]+Table1[[#This Row],[TC-G4-AS]]+Table1[[#This Row],[TC-G5-AS]] -> 1 | H76: 1 | L76: =SUBSTITUTE(Table1[[#This Row],[TeamID]],Table1[[#This Row],[Team Captain]]&"/","") -> Olver | R76: =Table1[[#This Row],[P-G1-AS]]+Table1[[#This Row],[P-G2-AS]]+Table1[[#This Row],[P-G3-AS]]+Table1[[#This Row],[P-G4-AS]]+Table1[[#This Row],[P-G5-AS]] -> 0 | S76: 31.31 | T76: 0 | W76: 47.5 | X76: 0 | AA76: =(S76+W76)/2 -> 39.405 | AB76: 1.3 | AC76: 0 | AE76: 1.06 | AF76: 0 | AH76: =(AB76+AE76)/2 -> 1.18 | AI76: 18.96 | AJ76: Jason | AK76: 56 | AL76: Olver | AM76: 4 | AN76: 1 | AO76: =T76+AC76+AN76+AF76+X76 -> 1
A77: 3-2 | B77: 2024 Summer | C77: V | D77: Tayven/Clarence | E77: =LEFT(Table1[[#This Row],[TeamID]],FIND("/",Table1[[#This Row],[TeamID]])-1) -> Tayven | F77: =Table1[[#This Row],[TC-G1-AS]]+Table1[[#This Row],[TC-G2-AS]]+Table1[[#This Row],[TC-G3-AS]]+Table1[[#This Row],[TC-G4-AS]]+Table1[[#This Row],[TC-G5-AS]] -> 0 | L77: =SUBSTITUTE(Table1[[#This Row],[TeamID]],Table1[[#This Row],[Team Captain]]&"/","") -> Clarence | R77: =Table1[[#This Row],[P-G1-AS]]+Table1[[#This Row],[P-G2-AS]]+Table1[[#This Row],[P-G3-AS]]+Table1[[#This Row],[P-G4-AS]]+Table1[[#This Row],[P-G5-AS]] -> 0 | S77: 29.24 | T77: 1 | U77: Clarence | V77: 40 | W77: 46.97 | X77: 1 | Y77: Tayven | Z77: 56 | AA77: =(S77+W77)/2 -> 38.105 | AB77: 1.5 | AC77: 1 | AE77: 1.88 | AF77: 1 | AH77: =(AB77+AE77)/2 -> 1.69 | AI77: 18.96 | AJ77: Clarence | AK77: 35 | AN77: 0 | AO77: =T77+AC77+AN77+AF77+X77 -> 4
A78: 3-3 | B78: 2024 Summer | C78: H | D78: Kevin/Tony | E78: =LEFT(Table1[[#This Row],[TeamID]],FIND("/",Table1[[#This Row],[TeamID]])-1) -> Kevin | F78: =Table1[[#This Row],[TC-G1-AS]]+Table1[[#This Row],[TC-G2-AS]]+Table1[[#This Row],[TC-G3-AS]]+Table1[[#This Row],[TC-G4-AS]]+Table1[[#This Row],[TC-G5-AS]] -> 2 | I78: 1 | J78: 1 | L78: =SUBSTITUTE(Table1[[#This Row],[TeamID]],Table1[[#This Row],[Team Captain]]&"/","") -> Tony | R78: =Table1[[#This Row],[P-G1-AS]]+Table1[[#This Row],[P-G2-AS]]+Table1[[#This Row],[P-G3-AS]]+Table1[[#This Row],[P-G4-AS]]+Table1[[#This Row],[P-G5-AS]] -> 0 | S78: 30.06 | T78: 1 | U78: Kevin | V78: 4 | W78: 37.09 | X78: 0 | AA78: =(S78+W78)/2 -> 33.575 | AB78: 1.15 | AC78: 0 | AE78: 1.79 | AF78: 1 | AH78: =(AB78+AE78)/2 -> 1.47 | AI78: 27.36 | AJ78: Kevin | AK78: 40 | AL78: Kevin | AM78: 4 | AN78: 1 | AO78: =T78+AC78+AN78+AF78+X78 -> 3
A79: 3-3 | B79: 2024 Summer | C79: V | D79: Todd/Mike H | E79: =LEFT(Table1[[#This Row],[TeamID]],FIND("/",Table1[[#This Row],[TeamID]])-1) -> Todd | F79: =Table1[[#This Row],[TC-G1-AS]]+Table1[[#This Row],[TC-G2-AS]]+Table1[[#This Row],[TC-G3-AS]]+Table1[[#This Row],[TC-G4-AS]]+Table1[[#This Row],[TC-G5-AS]] -> 0 | L79: =SUBSTITUTE(Table1[[#This Row],[TeamID]],Table1[[#This Row],[Team Captain]]&"/","") -> Mike H | M79: 1 | N79: 1 | O79: 1 | Q79: 1 | R79: =Table1[[#This Row],[P-G1-AS]]+Table1[[#This Row],[P-G2-AS]]+Table1[[#This Row],[P-G3-AS]]+Table1[[#This Row],[P-G4-AS]]+Table1[[#This Row],[P-G5-AS]] -> 4 | S79: 31.06 | T79: 0 | W79: 42.94 | X79: 1 | Y79: Mike H | Z79: 16 | AA79: =(S79+W79)/2 -> 37 | AB79: 1.22 | AC79: 1 | AE79: 1.15 | AF79: 0 | AH79: =(AB79+AE79)/2 -> 1.185 | AI79: 28.5 | AJ79: Todd | AK79: 27 | AN79: 0 | AO79: =T79+AC79+AN79+AF79+X79 -> 2
A80: 3-4 | B80: 2024 Summer | C80: H | D80: Daniel/Matt | E80: =LEFT(Table1[[#This Row],[TeamID]],FIND("/",Table1[[#This Row],[TeamID]])-1) -> Daniel | F80: =Table1[[#This Row],[TC-G1-AS]]+Table1[[#This Row],[TC-G2-AS]]+Table1[[#This Row],[TC-G3-AS]]+Table1[[#This Row],[TC-G4-AS]]+Table1[[#This Row],[TC-G5-AS]] -> 1 | I80: 1 | L80: =SUBSTITUTE(Table1[[#This Row],[TeamID]],Table1[[#This Row],[Team Captain]]&"/","") -> Matt | R80: =Table1[[#This Row],[P-G1-AS]]+Table1[[#This Row],[P-G2-AS]]+Table1[[#This Row],[P-G3-AS]]+Table1[[#This Row],[P-G4-AS]]+Table1[[#This Row],[P-G5-AS]] -> 0 | S80: 31.06 | T80: 0 | W80: 42.84 | X80: 1 | Y80: Daniel | Z80: 32 | AA80: =(S80+W80)/2 -> 36.95 | AB80: 1.45 | AC80: 0 | AE80: 1.12 | AF80: 0 | AH80: =(AB80+AE80)/2 -> 1.285 | AI80: 28.22 | AJ80: Daniel | AK80: 80 | AL80: Daniel | AM80: 8 | AN80: 1 | AO80: =T80+AC80+AN80+AF80+X80 -> 2
A81: 3-4 | B81: 2024 Summer | C81: V | D81: Brian/Neil | E81: =LEFT(Table1[[#This Row],[TeamID]],FIND("/",Table1[[#This Row],[TeamID]])-1) -> Brian | F81: =Table1[[#This Row],[TC-G1-AS]]+Table1[[#This Row],[TC-G2-AS]]+Table1[[#This Row],[TC-G3-AS]]+Table1[[#This Row],[TC-G4-AS]]+Table1[[#This Row],[TC-G5-AS]] -> 0 | L81: =SUBSTITUTE(Table1[[#This Row],[TeamID]],Table1[[#This Row],[Team Captain]]&"/","") -> Neil | N81: 1 | R81: =Table1[[#This Row],[P-G1-AS]]+Table1[[#This Row],[P-G2-AS]]+Table1[[#This Row],[P-G3-AS]]+Table1[[#This Row],[P-G4-AS]]+Table1[[#This Row],[P-G5-AS]] -> 1 | S81: 30.06 | T81: 1 | U81: Brian | V81: 2 | W81: 44.45 | AA81: =(S81+W81)/2 -> 37.255 | AB81: 2.08 | AC81: 1 | AE81: 1.2 | AF81: 1 | AH81: =(AB81+AE81)/2 -> 1.64 | AI81: 13.1 | AJ81: Neil | AK81: 50 | AN81: 0 | AO81: =T81+AC81+AN81+AF81+X81 -> 3
A82: 4-1 | B82: 2024 Summer | C82: H | D82: Jason/Olver | E82: =LEFT(Table1[[#This Row],[TeamID]],FIND("/",Table1[[#This Row],[TeamID]])-1) -> Jason | F82: =Table1[[#This Row],[TC-G1-AS]]+Table1[[#This Row],[TC-G2-AS]]+Table1[[#This Row],[TC-G3-AS]]+Table1[[#This Row],[TC-G4-AS]]+Table1[[#This Row],[TC-G5-AS]] -> 0 | L82: =SUBSTITUTE(Table1[[#This Row],[TeamID]],Table1[[#This Row],[Team Captain]]&"/","") -> Olver | R82: =Table1[[#This Row],[P-G1-AS]]+Table1[[#This Row],[P-G2-AS]]+Table1[[#This Row],[P-G3-AS]]+Table1[[#This Row],[P-G4-AS]]+Table1[[#This Row],[P-G5-AS]] -> 0 | S82: 29.12 | T82: 0 | W82: 44.09 | X82: 0 | AA82: =(S82+W82)/2 -> 36.605 | AB82: 1.33 | AC82: 0 | AE82: 1.26 | AF82: 0 | AH82: =(AB82+AE82)/2 -> 1.295 | AI82: 25.5 | AJ82: Jason | AK82: 16 | AN82: 0 | AO82: =T82+AC82+AN82+AF82+X82 -> 0
A83: 4-1 | B83: 2024 Summer | C83: V | D83: Daniel/Matt | E83: =LEFT(Table1[[#This Row],[TeamID]],FIND("/",Table1[[#This Row],[TeamID]])-1) -> Daniel | F83: =Table1[[#This Row],[TC-G1-AS]]+Table1[[#This Row],[TC-G2-AS]]+Table1[[#This Row],[TC-G3-AS]]+Table1[[#This Row],[TC-G4-AS]]+Table1[[#This Row],[TC-G5-AS]] -> 3 | G83: 1 | K83: 2 | L83: =SUBSTITUTE(Table1[[#This Row],[TeamID]],Table1[[#This Row],[Team Captain]]&"/","") -> Matt | R83: =Table1[[#This Row],[P-G1-AS]]+Table1[[#This Row],[P-G2-AS]]+Table1[[#This Row],[P-G3-AS]]+Table1[[#This Row],[P-G4-AS]]+Table1[[#This Row],[P-G5-AS]] -> 0 | S83: 55.67 | T83: 1 | U83: Daniel | V83: 66 | W83: 46.97 | X83: 1 | Y83: Matt | Z83: 12 | AA83: =(S83+W83)/2 -> 51.32 | AB83: 1.38 | AC83: 1 | AE83: 1.38 | AF83: 1 | AH83: =(AB83+AE83)/2 -> 1.38 | AI83: 29.13 | AJ83: Daniel | AK83: 105 | AL83: Daniel | AM83: 40 | AN83: 1 | AO83: =T83+AC83+AN83+AF83+X83 -> 5
A84: 4-2 | B84: 2024 Summer | C84: H | D84: Mark/Mike C | E84: =LEFT(Table1[[#This Row],[TeamID]],FIND("/",Table1[[#This Row],[TeamID]])-1) -> Mark | F84: =Table1[[#This Row],[TC-G1-AS]]+Table1[[#This Row],[TC-G2-AS]]+Table1[[#This Row],[TC-G3-AS]]+Table1[[#This Row],[TC-G4-AS]]+Table1[[#This Row],[TC-G5-AS]] -> 1 | G84: 1 | L84: =SUBSTITUTE(Table1[[#This Row],[TeamID]],Table1[[#This Row],[Team Captain]]&"/","") -> Mike C | O84: 1 | R84: =Table1[[#This Row],[P-G1-AS]]+Table1[[#This Row],[P-G2-AS]]+Table1[[#This Row],[P-G3-AS]]+Table1[[#This Row],[P-G4-AS]]+Table1[[#This Row],[P-G5-AS]] -> 1 | S84: 48.48 | T84: 1 | U84: Mike C | V84: 10 | W84: 37.57 | X84: 1 | Y84: Mike C | Z84: 24 | AA84: =(S84+W84)/2 -> 43.025 | AB84: 1.75 | AC84: 1 | AE84: 1.3 | AF84: 0 | AH84: =(AB84+AE84)/2 -> 1.525 | AI84: 28.22 | AJ84: Mark | AK84: 49 | AL84: Mark | AM84: 12 | AN84: 1 | AO84: =T84+AC84+AN84+AF84+X84 -> 4
A85: 4-2 | B85: 2024 Summer | C85: V | D85: Kevin/Tony | E85: =LEFT(Table1[[#This Row],[TeamID]],FIND("/",Table1[[#This Row],[TeamID]])-1) -> Kevin | F85: =Table1[[#This Row],[TC-G1-AS]]+Table1[[#This Row],[TC-G2-AS]]+Table1[[#This Row],[TC-G3-AS]]+Table1[[#This Row],[TC-G4-AS]]+Table1[[#This Row],[TC-G5-AS]] -> 0 | L85: =SUBSTITUTE(Table1[[#This Row],[TeamID]],Table1[[#This Row],[Team Captain]]&"/","") -> Tony | P85: 1 | R85: =Table1[[#This Row],[P-G1-AS]]+Table1[[#This Row],[P-G2-AS]]+Table1[[#This Row],[P-G3-AS]]+Table1[[#This Row],[P-G4-AS]]+Table1[[#This Row],[P-G5-AS]] -> 1 | S85: 43.91 | T85: 0 | W85: 37.08 | X85: 0 | AA85: =(S85+W85)/2 -> 40.495 | AB85: 1.31 | AC85: 0 | AE85: 1.18 | AF85: 1 | AH85: =(AB85+AE85)/2 -> 1.245 | AI85: 26.82 | AJ85: Kevin | AK85: 60 | AN85: 0 | AO85: =T85+AC85+AN85+AF85+X85 -> 1
A86: 4-3 | B86: 2024 Summer | C86: H | D86: Mike A/Paul | E86: =LEFT(Table1[[#This Row],[TeamID]],FIND("/",Table1[[#This Row],[TeamID]])-1) -> Mike A | F86: =Table1[[#This Row],[TC-G1-AS]]+Table1[[#This Row],[TC-G2-AS]]+Table1[[#This Row],[TC-G3-AS]]+Table1[[#This Row],[TC-G4-AS]]+Table1[[#This Row],[TC-G5-AS]] -> 0 | L86: =SUBSTITUTE(Table1[[#This Row],[TeamID]],Table1[[#This Row],[Team Captain]]&"/","") -> Paul | R86: =Table1[[#This Row],[P-G1-AS]]+Table1[[#This Row],[P-G2-AS]]+Table1[[#This Row],[P-G3-AS]]+Table1[[#This Row],[P-G4-AS]]+Table1[[#This Row],[P-G5-AS]] -> 0 | S86: 38.54 | T86: 1 | U86: Mike A | V86: 54 | W86: 25.05 | X86: 1 | Y86: Mike A | Z86: 4 | AA86: =(S86+W86)/2 -> 31.795 | AB86: 1.61 | AC86: 1 | AE86: 1.17 | AF86: 0 | AH86: =(AB86+AE86)/2 -> 1.39 | AI86: 25.8 | AJ86: Paul | AK86: 20 | AL86: Mike A | AM86: 2 | AN86: 1 | AO86: =T86+AC86+AN86+AF86+X86 -> 4
A87: 4-3 | B87: 2024 Summer | C87: V | D87: Todd/Mike H | E87: =LEFT(Table1[[#This Row],[TeamID]],FIND("/",Table1[[#This Row],[TeamID]])-1) -> Todd | F87: =Table1[[#This Row],[TC-G1-AS]]+Table1[[#This Row],[TC-G2-AS]]+Table1[[#This Row],[TC-G3-AS]]+Table1[[#This Row],[TC-G4-AS]]+Table1[[#This Row],[TC-G5-AS]] -> 0 | L87: =SUBSTITUTE(Table1[[#This Row],[TeamID]],Table1[[#This Row],[Team Captain]]&"/","") -> Mike H | M87: 1 | O87: 2 | P87: 1 | R87: =Table1[[#This Row],[P-G1-AS]]+Table1[[#This Row],[P-G2-AS]]+Table1[[#This Row],[P-G3-AS]]+Table1[[#This Row],[P-G4-AS]]+Table1[[#This Row],[P-G5-AS]] -> 4 | S87: 40.25 | T87: 0 | W87: 25.12 | X87: 0 | AA87: =(S87+W87)/2 -> 32.685 | AB87: 1.35 | AC87: 0 | AE87: 1.25 | AF87: 1 | AH87: =(AB87+AE87)/2 -> 1.3 | AI87: 24.92 | AJ87: Todd | AK87: 44 | AN87: 0 | AO87: =T87+AC87+AN87+AF87+X87 -> 1
A88: 4-4 | B88: 2024 Summer | C88: H | D88: Tayven/Clarence | E88: =LEFT(Table1[[#This Row],[TeamID]],FIND("/",Table1[[#This Row],[TeamID]])-1) -> Tayven | F88: =Table1[[#This Row],[TC-G1-AS]]+Table1[[#This Row],[TC-G2-AS]]+Table1[[#This Row],[TC-G3-AS]]+Table1[[#This Row],[TC-G4-AS]]+Table1[[#This Row],[TC-G5-AS]] -> 1 | H88: 1 | L88: =SUBSTITUTE(Table1[[#This Row],[TeamID]],Table1[[#This Row],[Team Captain]]&"/","") -> Clarence | M88: 1 | P88: 1 | R88: =Table1[[#This Row],[P-G1-AS]]+Table1[[#This Row],[P-G2-AS]]+Table1[[#This Row],[P-G3-AS]]+Table1[[#This Row],[P-G4-AS]]+Table1[[#This Row],[P-G5-AS]] -> 2 | S88: 34.43 | T88: 0 | W88: 33.4 | X88: 1 | Y88: Clarence | Z88: 12 | AA88: =(S88+W88)/2 -> 33.915 | AB88: 1.39 | AC88: 1 | AE88: 1.53 | AF88: 0 | AH88: =(AB88+AE88)/2 -> 1.46 | AI88: 0 | AN88: 0 | AO88: =T88+AC88+AN88+AF88+X88 -> 2
A89: 4-4 | B89: 2024 Summer | C89: V | D89: Brian/Neil | E89: =LEFT(Table1[[#This Row],[TeamID]],FIND("/",Table1[[#This Row],[TeamID]])-1) -> Brian | F89: =Table1[[#This Row],[TC-G1-AS]]+Table1[[#This Row],[TC-G2-AS]]+Table1[[#This Row],[TC-G3-AS]]+Table1[[#This Row],[TC-G4-AS]]+Table1[[#This Row],[TC-G5-AS]] -> 4 | G89: 1 | H89: 1 | K89: 2 | L89: =SUBSTITUTE(Table1[[#This Row],[TeamID]],Table1[[#This Row],[Team Captain]]&"/","") -> Neil | R89: =Table1[[#This Row],[P-G1-AS]]+Table1[[#This Row],[P-G2-AS]]+Table1[[#This Row],[P-G3-AS]]+Table1[[#This Row],[P-G4-AS]]+Table1[[#This Row],[P-G5-AS]] -> 0 | S89: 35.79 | T89: 1 | U89: Neil | V89: 24 | W89: 32.07 | X89: 0 | AA89: =(S89+W89)/2 -> 33.93 | AB89: 1.23 | AC89: 0 | AE89: 1.56 | AF89: 1 | AH89: =(AB89+AE89)/2 -> 1.395 | AI89: 64.5 | AJ89: Brian | AK89: 72 | AL89: Brian | AM89: 35 | AN89: 1 | AO89: =T89+AC89+AN89+AF89+X89 -> 3
A90: 5-1 | B90: 2024 Summer | C90: H | D90: Mike A/Paul | E90: =LEFT(Table1[[#This Row],[TeamID]],FIND("/",Table1[[#This Row],[TeamID]])-1) -> Mike A | F90: =Table1[[#This Row],[TC-G1-AS]]+Table1[[#This Row],[TC-G2-AS]]+Table1[[#This Row],[TC-G3-AS]]+Table1[[#This Row],[TC-G4-AS]]+Table1[[#This Row],[TC-G5-AS]] -> 2 | H90: 1 | J90: 1 | L90: =SUBSTITUTE(Table1[[#This Row],[TeamID]],Table1[[#This Row],[Team Captain]]&"/","") -> Paul | O90: 1 | R90: =Table1[[#This Row],[P-G1-AS]]+Table1[[#This Row],[P-G2-AS]]+Table1[[#This Row],[P-G3-AS]]+Table1[[#This Row],[P-G4-AS]]+Table1[[#This Row],[P-G5-AS]] -> 1 | S90: 30.57 | T90: 0 | W90: 35.79 | X90: 1 | Y90: MIke A | Z90: 20 | AA90: =(S90+W90)/2 -> 33.18 | AB90: 1.5 | AC90: 0 | AE90: 1.43 | AF90: 0 | AH90: =(AB90+AE90)/2 -> 1.465 | AI90: 27.8 | AJ90: Paul | AK90: 21 | AN90: 0 | AO90: =T90+AC90+AN90+AF90+X90 -> 1
A91: 5-1 | B91: 2024 Summer | C91: V | D91: Tayven/Clarence | E91: =LEFT(Table1[[#This Row],[TeamID]],FIND("/",Table1[[#This Row],[TeamID]])-1) -> Tayven | F91: =Table1[[#This Row],[TC-G1-AS]]+Table1[[#This Row],[TC-G2-AS]]+Table1[[#This Row],[TC-G3-AS]]+Table1[[#This Row],[TC-G4-AS]]+Table1[[#This Row],[TC-G5-AS]] -> 3 | I91: 1 | K91: 2 | L91: =SUBSTITUTE(Table1[[#This Row],[TeamID]],Table1[[#This Row],[Team Captain]]&"/","") -> Clarence | O91: 1 | P91: 1 | R91: =Table1[[#This Row],[P-G1-AS]]+Table1[[#This Row],[P-G2-AS]]+Table1[[#This Row],[P-G3-AS]]+Table1[[#This Row],[P-G4-AS]]+Table1[[#This Row],[P-G5-AS]] -> 2 | S91: 34.95 | T91: 1 | U91: Tayven | V91: 8 | W91: 37.15 | X91: 0 | AA91: =(S91+W91)/2 -> 36.05 | AB91: 1.75 | AC91: 1 | AE91: 1.87 | AF91: 1 | AH91: =(AB91+AE91)/2 -> 1.81 | AI91: 28.22 | AJ91: Tayven | AK91: 16 | AL91: Tayven | AM91: 16 | AN91: 1 | AO91: =T91+AC91+AN91+AF91+X91 -> 4
A92: 5-2 | B92: 2024 Summer | C92: H | D92: Brian/Neil | E92: =LEFT(Table1[[#This Row],[TeamID]],FIND("/",Table1[[#This Row],[TeamID]])-1) -> Brian | F92: =Table1[[#This Row],[TC-G1-AS]]+Table1[[#This Row],[TC-G2-AS]]+Table1[[#This Row],[TC-G3-AS]]+Table1[[#This Row],[TC-G4-AS]]+Table1[[#This Row],[TC-G5-AS]] -> 0 | L92: =SUBSTITUTE(Table1[[#This Row],[TeamID]],Table1[[#This Row],[Team Captain]]&"/","") -> Neil | N92: 2 | R92: =Table1[[#This Row],[P-G1-AS]]+Table1[[#This Row],[P-G2-AS]]+Table1[[#This Row],[P-G3-AS]]+Table1[[#This Row],[P-G4-AS]]+Table1[[#This Row],[P-G5-AS]] -> 2 | S92: 32.33 | T92: 0 | W92: 17.08 | X92: 1 | Y92: Brian | Z92: 2 | AA92: =(S92+W92)/2 -> 24.705 | AB92: 0.7 | AC92: 0 | AE92: 1.61 | AF92: 1 | AH92: =(AB92+AE92)/2 -> 1.155 | AI92: 23.76 | AJ92: Brian | AK92: 56 | AL92: Brian | AM92: 8 | AN92: 1 | AO92: =T92+AC92+AN92+AF92+X92 -> 3
A93: 5-2 | B93: 2024 Summer | C93: V | D93: Todd/Mike H | E93: =LEFT(Table1[[#This Row],[TeamID]],FIND("/",Table1[[#This Row],[TeamID]])-1) -> Todd | F93: =Table1[[#This Row],[TC-G1-AS]]+Table1[[#This Row],[TC-G2-AS]]+Table1[[#This Row],[TC-G3-AS]]+Table1[[#This Row],[TC-G4-AS]]+Table1[[#This Row],[TC-G5-AS]] -> 0 | L93: =SUBSTITUTE(Table1[[#This Row],[TeamID]],Table1[[#This Row],[Team Captain]]&"/","") -> Mike H | M93: 1 | O93: 1 | R93: =Table1[[#This Row],[P-G1-AS]]+Table1[[#This Row],[P-G2-AS]]+Table1[[#This Row],[P-G3-AS]]+Table1[[#This Row],[P-G4-AS]]+Table1[[#This Row],[P-G5-AS]] -> 2 | S93: 34.16 | T93: 1 | U93: Todd | V93: 2 | W93: 16.63 | X93: 0 | AA93: =(S93+W93)/2 -> 25.395 | AB93: 1.6 | AC93: 1 | AE93: 1.22 | AF93: 0 | AH93: =(AB93+AE93)/2 -> 1.41 | AI93: 22.23 | AJ93: Todd | AK93: 16 | AO93: =T93+AC93+AN93+AF93+X93 -> 2
A94: 5-3 | B94: 2024 Summer | C94: H | D94: Mark/Mike C | E94: =LEFT(Table1[[#This Row],[TeamID]],FIND("/",Table1[[#This Row],[TeamID]])-1) -> Mark | F94: =Table1[[#This Row],[TC-G1-AS]]+Table1[[#This Row],[TC-G2-AS]]+Table1[[#This Row],[TC-G3-AS]]+Table1[[#This Row],[TC-G4-AS]]+Table1[[#This Row],[TC-G5-AS]] -> 0 | L94: =SUBSTITUTE(Table1[[#This Row],[TeamID]],Table1[[#This Row],[Team Captain]]&"/","") -> Mike C | R94: =Table1[[#This Row],[P-G1-AS]]+Table1[[#This Row],[P-G2-AS]]+Table1[[#This Row],[P-G3-AS]]+Table1[[#This Row],[P-G4-AS]]+Table1[[#This Row],[P-G5-AS]] -> 0 | AA94: =(S94+W94)/2 -> 0 | AH94: =(AB94+AE94)/2 -> 0 | AO94: =T94+AC94+AN94+AF94+X94 -> 0
A95: 5-3 | B95: 2024 Summer | C95: V | D95: Jason/Olver | E95: =LEFT(Table1[[#This Row],[TeamID]],FIND("/",Table1[[#This Row],[TeamID]])-1) -> Jason | F95: =Table1[[#This Row],[TC-G1-AS]]+Table1[[#This Row],[TC-G2-AS]]+Table1[[#This Row],[TC-G3-AS]]+Table1[[#This Row],[TC-G4-AS]]+Table1[[#This Row],[TC-G5-AS]] -> 0 | L95: =SUBSTITUTE(Table1[[#This Row],[TeamID]],Table1[[#This Row],[Team Captain]]&"/","") -> Olver | R95: =Table1[[#This Row],[P-G1-AS]]+Table1[[#This Row],[P-G2-AS]]+Table1[[#This Row],[P-G3-AS]]+Table1[[#This Row],[P-G4-AS]]+Table1[[#This Row],[P-G5-AS]] -> 0 | AA95: =(S95+W95)/2 -> 0 | AH95: =(AB95+AE95)/2 -> 0 | AO95: =T95+AC95+AN95+AF95+X95 -> 0
A96: 5-4 | B96: 2024 Summer | C96: H | D96: Daniel/Matt | E96: =LEFT(Table1[[#This Row],[TeamID]],FIND("/",Table1[[#This Row],[TeamID]])-1) -> Daniel | F96: =Table1[[#This Row],[TC-G1-AS]]+Table1[[#This Row],[TC-G2-AS]]+Table1[[#This Row],[TC-G3-AS]]+Table1[[#This Row],[TC-G4-AS]]+Table1[[#This Row],[TC-G5-AS]] -> 2 | G96: 1 | K96: 1 | L96: =SUBSTITUTE(Table1[[#This Row],[TeamID]],Table1[[#This Row],[Team Captain]]&"/","") -> Matt | N96: 1 | O96: 1 | P96: 1 | R96: =Table1[[#This Row],[P-G1-AS]]+Table1[[#This Row],[P-G2-AS]]+Table1[[#This Row],[P-G3-AS]]+Table1[[#This Row],[P-G4-AS]]+Table1[[#This Row],[P-G5-AS]] -> 3 | S96: 29.27 | T96: 0 | W96: 39.55 | X96: 1 | Y96: Matt | Z96: 8 | AA96: =(S96+W96)/2 -> 34.41 | AB96: 1.69 | AC96: 1 | AE96: 1.88 | AF96: 1 | AH96: =(AB96+AE96)/2 -> 1.785 | AI96: 28.7 | AJ96: Daniel | AK96: 54 | AN96: 0 | AO96: =T96+AC96+AN96+AF96+X96 -> 3
A97: 5-4 | B97: 2024 Summer | C97: V | D97: Kevin/Tony | E97: =LEFT(Table1[[#This Row],[TeamID]],FIND("/",Table1[[#This Row],[TeamID]])-1) -> Kevin | F97: =Table1[[#This Row],[TC-G1-AS]]+Table1[[#This Row],[TC-G2-AS]]+Table1[[#This Row],[TC-G3-AS]]+Table1[[#This Row],[TC-G4-AS]]+Table1[[#This Row],[TC-G5-AS]] -> 1 | I97: 1 | L97: =SUBSTITUTE(Table1[[#This Row],[TeamID]],Table1[[#This Row],[Team Captain]]&"/","") -> Tony | R97: =Table1[[#This Row],[P-G1-AS]]+Table1[[#This Row],[P-G2-AS]]+Table1[[#This Row],[P-G3-AS]]+Table1[[#This Row],[P-G4-AS]]+Table1[[#This Row],[P-G5-AS]] -> 0 | S97: 34.1 | T97: 1 | U97: Kevin | V97: 20 | W97: 38.23 | X97: 0 | AA97: =(S97+W97)/2 -> 36.165 | AB97: 1.19 | AC97: 0 | AE97: 1.6 | AF97: 0 | AH97: =(AB97+AE97)/2 -> 1.395 | AI97: 28.22 | AJ97: Kvein | AK97: 57 | AL97: Kevin | AM97: 6 | AN97: 1 | AO97: =T97+AC97+AN97+AF97+X97 -> 2
A98: 6-1 | B98: 2024 Summer | C98: H | D98: Brian/Neil | E98: =LEFT(Table1[[#This Row],[TeamID]],FIND("/",Table1[[#This Row],[TeamID]])-1) -> Brian | F98: =Table1[[#This Row],[TC-G1-AS]]+Table1[[#This Row],[TC-G2-AS]]+Table1[[#This Row],[TC-G3-AS]]+Table1[[#This Row],[TC-G4-AS]]+Table1[[#This Row],[TC-G5-AS]] -> 1 | J98: 1 | L98: =SUBSTITUTE(Table1[[#This Row],[TeamID]],Table1[[#This Row],[Team Captain]]&"/","") -> Neil | M98: 1 | O98: 1 | R98: =Table1[[#This Row],[P-G1-AS]]+Table1[[#This Row],[P-G2-AS]]+Table1[[#This Row],[P-G3-AS]]+Table1[[#This Row],[P-G4-AS]]+Table1[[#This Row],[P-G5-AS]] -> 2 | S98: 44.21 | T98: 1 | U98: Neil | V98: 38 | W98: 26.37 | X98: 1 | Y98: Neil | Z98: 4 | AA98: =(S98+W98)/2 -> 35.29 | AB98: 0.82 | AC98: 1 | AE98: 1 | AF98: 1 | AH98: =(AB98+AE98)/2 -> 0.91 | AI98: 16.28 | AJ98: Neil | AK98: 12 | AN98: 0 | AO98: =T98+AC98+AN98+AF98+X98 -> 4
A99: 6-1 | B99: 2024 Summer | C99: V | D99: Jason/Olver | E99: =LEFT(Table1[[#This Row],[TeamID]],FIND("/",Table1[[#This Row],[TeamID]])-1) -> Jason | F99: =Table1[[#This Row],[TC-G1-AS]]+Table1[[#This Row],[TC-G2-AS]]+Table1[[#This Row],[TC-G3-AS]]+Table1[[#This Row],[TC-G4-AS]]+Table1[[#This Row],[TC-G5-AS]] -> 1 | J99: 1 | L99: =SUBSTITUTE(Table1[[#This Row],[TeamID]],Table1[[#This Row],[Team Captain]]&"/","") -> Olver | N99: 2 | R99: =Table1[[#This Row],[P-G1-AS]]+Table1[[#This Row],[P-G2-AS]]+Table1[[#This Row],[P-G3-AS]]+Table1[[#This Row],[P-G4-AS]]+Table1[[#This Row],[P-G5-AS]] -> 2 | S99: 43.27 | T99: 0 | W99: 25.37 | X99: 0 | AA99: =(S99+W99)/2 -> 34.32 | AB99: 0.69 | AC99: 0 | AE99: 0.84 | AF99: 0 | AH99: =(AB99+AE99)/2 -> 0.765 | AI99: 15.84 | AJ99: Jason | AK99: 14 | AL99: Jason | AM99: 16 | AN99: 1 | AO99: =T99+AC99+AN99+AF99+X99 -> 1
A100: 6-2 | B100: 2024 Summer | C100: H | D100: Todd/Mike H | E100: =LEFT(Table1[[#This Row],[TeamID]],FIND("/",Table1[[#This Row],[TeamID]])-1) -> Todd | F100: =Table1[[#This Row],[TC-G1-AS]]+Table1[[#This Row],[TC-G2-AS]]+Table1[[#This Row],[TC-G3-AS]]+Table1[[#This Row],[TC-G4-AS]]+Table1[[#This Row],[TC-G5-AS]] -> 2 | H100: 1 | I100: 1 | L100: =SUBSTITUTE(Table1[[#This Row],[TeamID]],Table1[[#This Row],[Team Captain]]&"/","") -> Mike H | R100: =Table1[[#This Row],[P-G1-AS]]+Table1[[#This Row],[P-G2-AS]]+Table1[[#This Row],[P-G3-AS]]+Table1[[#This Row],[P-G4-AS]]+Table1[[#This Row],[P-G5-AS]] -> 0 | S100: 38.54 | T100: 1 | U100: Mike H | V100: 53 | W100: 48.48 | X100: 1 | Y100: Todd | Z100: 34 | AA100: =(S100+W100)/2 -> 43.51 | AB100: 1.41 | AC100: 1 | AE100: 0.88 | AF100: 0 | AH100: =(AB100+AE100)/2 -> 1.145 | AI100: 17.41 | AJ100: Todd | AK100: 46 | AN100: 0 | AO100: =T100+AC100+AN100+AF100+X100 -> 3
A101: 6-2 | B101: 2024 Summer | C101: V | D101: Mark/Mike C | E101: =LEFT(Table1[[#This Row],[TeamID]],FIND("/",Table1[[#This Row],[TeamID]])-1) -> Mark | F101: =Table1[[#This Row],[TC-G1-AS]]+Table1[[#This Row],[TC-G2-AS]]+Table1[[#This Row],[TC-G3-AS]]+Table1[[#This Row],[TC-G4-AS]]+Table1[[#This Row],[TC-G5-AS]] -> 1 | H101: 1 | L101: =SUBSTITUTE(Table1[[#This Row],[TeamID]],Table1[[#This Row],[Team Captain]]&"/","") -> Mike C | R101: =Table1[[#This Row],[P-G1-AS]]+Table1[[#This Row],[P-G2-AS]]+Table1[[#This Row],[P-G3-AS]]+Table1[[#This Row],[P-G4-AS]]+Table1[[#This Row],[P-G5-AS]] -> 0 | S101: 37.33 | T101: 0 | W101: 39.73 | X101: 0 | AA101: =(S101+W101)/2 -> 38.53 | AB101: 1.19 | AC101: 0 | AE101: 1.08 | AF101: 1 | AH101: =(AB101+AE101)/2 -> 1.135 | AI101: 16.72 | AJ101: Mike C | AK101: 41 | AL101: Mark | AM101: 2 | AN101: 1 | AO101: =T101+AC101+AN101+AF101+X101 -> 2
A102: 6-3 | B102: 2024 Summer | C102: H | D102: Tayven/Clarence | E102: =LEFT(Table1[[#This Row],[TeamID]],FIND("/",Table1[[#This Row],[TeamID]])-1) -> Tayven | F102: =Table1[[#This Row],[TC-G1-AS]]+Table1[[#This Row],[TC-G2-AS]]+Table1[[#This Row],[TC-G3-AS]]+Table1[[#This Row],[TC-G4-AS]]+Table1[[#This Row],[TC-G5-AS]] -> 0 | L102: =SUBSTITUTE(Table1[[#This Row],[TeamID]],Table1[[#This Row],[Team Captain]]&"/","") -> Clarence | O102: 2 | R102: =Table1[[#This Row],[P-G1-AS]]+Table1[[#This Row],[P-G2-AS]]+Table1[[#This Row],[P-G3-AS]]+Table1[[#This Row],[P-G4-AS]]+Table1[[#This Row],[P-G5-AS]] -> 2 | S102: 40.08 | T102: 0 | W102: 34.38 | X102: 0 | AA102: =(S102+W102)/2 -> 37.23 | AB102: 1.64 | AC102: 1 | AE102: 1.27 | AF102: 0 | AH102: =(AB102+AE102)/2 -> 1.455 | AI102: 23.36 | AJ102: Tayven | AK102: 12 | AN102: 0 | AO102: =T102+AC102+AN102+AF102+X102 -> 1
A103: 6-3 | B103: 2024 Summer | C103: V | D103: Daniel/Matt | E103: =LEFT(Table1[[#This Row],[TeamID]],FIND("/",Table1[[#This Row],[TeamID]])-1) -> Daniel | F103: =Table1[[#This Row],[TC-G1-AS]]+Table1[[#This Row],[TC-G2-AS]]+Table1[[#This Row],[TC-G3-AS]]+Table1[[#This Row],[TC-G4-AS]]+Table1[[#This Row],[TC-G5-AS]] -> 3 | I103: 2 | K103: 1 | L103: =SUBSTITUTE(Table1[[#This Row],[TeamID]],Table1[[#This Row],[Team Captain]]&"/","") -> Matt | P103: 1 | R103: =Table1[[#This Row],[P-G1-AS]]+Table1[[#This Row],[P-G2-AS]]+Table1[[#This Row],[P-G3-AS]]+Table1[[#This Row],[P-G4-AS]]+Table1[[#This Row],[P-G5-AS]] -> 1 | S103: 39.55 | T103: 1 | U103: Daniel | V103: 35 | W103: 40.62 | X103: 1 | Y103: Matt | Z103: 40 | AA103: =(S103+W103)/2 -> 40.085 | AB103: 1.62 | AC103: 0 | AE103: 1.35 | AF103: 1 | AH103: =(AB103+AE103)/2 -> 1.485 | AI103: 28.22 | AJ103: Daniel | AK103: 45 | AL103: Daniel | AM103: 16 | AN103: 1 | AO103: =T103+AC103+AN103+AF103+X103 -> 4
A104: 6-4 | B104: 2024 Summer | C104: H | D104: Kevin/Tony | E104: =LEFT(Table1[[#This Row],[TeamID]],FIND("/",Table1[[#This Row],[TeamID]])-1) -> Kevin | F104: =Table1[[#This Row],[TC-G1-AS]]+Table1[[#This Row],[TC-G2-AS]]+Table1[[#This Row],[TC-G3-AS]]+Table1[[#This Row],[TC-G4-AS]]+Table1[[#This Row],[TC-G5-AS]] -> 0 | L104: =SUBSTITUTE(Table1[[#This Row],[TeamID]],Table1[[#This Row],[Team Captain]]&"/","") -> Tony | R104: =Table1[[#This Row],[P-G1-AS]]+Table1[[#This Row],[P-G2-AS]]+Table1[[#This Row],[P-G3-AS]]+Table1[[#This Row],[P-G4-AS]]+Table1[[#This Row],[P-G5-AS]] -> 0 | S104: 23.48 | T104: 1 | U104: Kevin | V104: 8 | W104: 35.79 | X104: 1 | Y104: Kevin | Z104: 32 | AA104: =(S104+W104)/2 -> 29.635 | AB104: 1.08 | AC104: 0 | AE104: 1.1 | AF104: 0 | AH104: =(AB104+AE104)/2 -> 1.09 | AI104: 33.44 | AJ104: Kevin | AK104: 31 | AL104: Kevin | AM104: 18 | AN104: 1 | AO104: =T104+AC104+AN104+AF104+X104 -> 3
A105: 6-4 | B105: 2024 Summer | C105: V | D105: Mike A/Paul | E105: =LEFT(Table1[[#This Row],[TeamID]],FIND("/",Table1[[#This Row],[TeamID]])-1) -> Mike A | F105: =Table1[[#This Row],[TC-G1-AS]]+Table1[[#This Row],[TC-G2-AS]]+Table1[[#This Row],[TC-G3-AS]]+Table1[[#This Row],[TC-G4-AS]]+Table1[[#This Row],[TC-G5-AS]] -> 2 | I105: 1 | J105: 1 | L105: =SUBSTITUTE(Table1[[#This Row],[TeamID]],Table1[[#This Row],[Team Captain]]&"/","") -> Paul | R105: =Table1[[#This Row],[P-G1-AS]]+Table1[[#This Row],[P-G2-AS]]+Table1[[#This Row],[P-G3-AS]]+Table1[[#This Row],[P-G4-AS]]+Table1[[#This Row],[P-G5-AS]] -> 0 | S105: 23.71 | T105: 0 | W105: 35.07 | X105: 0 | AA105: =(S105+W105)/2 -> 29.39 | AB105: 1.24 | AC105: 1 | AE105: 2.09 | AF105: 1 | AH105: =(AB105+AE105)/2 -> 1.665 | AI105: 29.88 | AJ105: Mike A | AK105: 8 | AO105: =T105+AC105+AN105+AF105+X105 -> 2
A106: 7-1 | B106: 2024 Summer | C106: H | D106: Tayven/Clarence | E106: =LEFT(Table1[[#This Row],[TeamID]],FIND("/",Table1[[#This Row],[TeamID]])-1) -> Tayven | F106: =Table1[[#This Row],[TC-G1-AS]]+Table1[[#This Row],[TC-G2-AS]]+Table1[[#This Row],[TC-G3-AS]]+Table1[[#This Row],[TC-G4-AS]]+Table1[[#This Row],[TC-G5-AS]] -> 0 | L106: =SUBSTITUTE(Table1[[#This Row],[TeamID]],Table1[[#This Row],[Team Captain]]&"/","") -> Clarence | R106: =Table1[[#This Row],[P-G1-AS]]+Table1[[#This Row],[P-G2-AS]]+Table1[[#This Row],[P-G3-AS]]+Table1[[#This Row],[P-G4-AS]]+Table1[[#This Row],[P-G5-AS]] -> 0 | S106: 41.75 | T106: 1 | U106: Tayven | V106: 20 | W106: 32.87 | X106: 0 | AA106: =(S106+W106)/2 -> 37.31 | AB106: 1.26 | AC106: 0 | AE106: 1.24 | AF106: 1 | AH106: =(AB106+AE106)/2 -> 1.25 | AI106: 31.14 | AJ106: Clarence | AK106: 16 | AL106: Tayven | AM106: 50 | AN106: 1 | AO106: =T106+AC106+AN106+AF106+X106 -> 3
A107: 7-1 | B107: 2024 Summer | C107: V | D107: Kevin/Tony | E107: =LEFT(Table1[[#This Row],[TeamID]],FIND("/",Table1[[#This Row],[TeamID]])-1) -> Kevin | F107: =Table1[[#This Row],[TC-G1-AS]]+Table1[[#This Row],[TC-G2-AS]]+Table1[[#This Row],[TC-G3-AS]]+Table1[[#This Row],[TC-G4-AS]]+Table1[[#This Row],[TC-G5-AS]] -> 1 | J107: 1 | L107: =SUBSTITUTE(Table1[[#This Row],[TeamID]],Table1[[#This Row],[Team Captain]]&"/","") -> Tony | R107: =Table1[[#This Row],[P-G1-AS]]+Table1[[#This Row],[P-G2-AS]]+Table1[[#This Row],[P-G3-AS]]+Table1[[#This Row],[P-G4-AS]]+Table1[[#This Row],[P-G5-AS]] -> 0 | S107: 40.42 | T107: 0 | W107: 34.95 | X107: 1 | Y107: Tony | Z107: 8 | AA107: =(S107+W107)/2 -> 37.685 | AB107: 1.25 | AC107: 1 | AE107: 0.96 | AF107: 0 | AH107: =(AB107+AE107)/2 -> 1.105 | AI107: 29.3 | AJ107: Kevin | AK107: 73 | AN107: 0 | AO107: =T107+AC107+AN107+AF107+X107 -> 2
A108: 7-2 | B108: 2024 Summer | C108: H | D108: Todd/Mike H | E108: =LEFT(Table1[[#This Row],[TeamID]],FIND("/",Table1[[#This Row],[TeamID]])-1) -> Todd | F108: =Table1[[#This Row],[TC-G1-AS]]+Table1[[#This Row],[TC-G2-AS]]+Table1[[#This Row],[TC-G3-AS]]+Table1[[#This Row],[TC-G4-AS]]+Table1[[#This Row],[TC-G5-AS]] -> 1 | J108: 1 | L108: =SUBSTITUTE(Table1[[#This Row],[TeamID]],Table1[[#This Row],[Team Captain]]&"/","") -> Mike H | R108: =Table1[[#This Row],[P-G1-AS]]+Table1[[#This Row],[P-G2-AS]]+Table1[[#This Row],[P-G3-AS]]+Table1[[#This Row],[P-G4-AS]]+Table1[[#This Row],[P-G5-AS]] -> 0 | S108: 20.23 | T108: 0 | W108: 29.47 | X108: 1 | Y108: Todd | Z108: 67 | AA108: =(S108+W108)/2 -> 24.85 | AB108: 0.89 | AC108: 0 | AE108: 1.04 | AF108: 1 | AH108: =(AB108+AE108)/2 -> 0.965 | AI108: 19.7 | AJ108: Todd | AK108: 35 | AN108: 0 | AO108: =T108+AC108+AN108+AF108+X108 -> 2
A109: 7-2 | B109: 2024 Summer | C109: V | D109: Jason/Olver | E109: =LEFT(Table1[[#This Row],[TeamID]],FIND("/",Table1[[#This Row],[TeamID]])-1) -> Jason | F109: =Table1[[#This Row],[TC-G1-AS]]+Table1[[#This Row],[TC-G2-AS]]+Table1[[#This Row],[TC-G3-AS]]+Table1[[#This Row],[TC-G4-AS]]+Table1[[#This Row],[TC-G5-AS]] -> 0 | L109: =SUBSTITUTE(Table1[[#This Row],[TeamID]],Table1[[#This Row],[Team Captain]]&"/","") -> Olver | P109: 1 | R109: =Table1[[#This Row],[P-G1-AS]]+Table1[[#This Row],[P-G2-AS]]+Table1[[#This Row],[P-G3-AS]]+Table1[[#This Row],[P-G4-AS]]+Table1[[#This Row],[P-G5-AS]] -> 1 | S109: 19.05 | T109: 1 | U109: Jason | V109: 4 | W109: 30.45 | X109: 0 | AA109: =(S109+W109)/2 -> 24.75 | AB109: 1.04 | AC109: 1 | AE109: 0.92 | AF109: 0 | AH109: =(AB109+AE109)/2 -> 0.98 | AI109: 32.25 | AJ109: Jason | AK109: 40 | AL109: Olver | AM109: 10 | AN109: 1 | AO109: =T109+AC109+AN109+AF109+X109 -> 3
A110: 7-3 | B110: 2024 Summer | C110: H | D110: Brian/Neil | E110: =LEFT(Table1[[#This Row],[TeamID]],FIND("/",Table1[[#This Row],[TeamID]])-1) -> Brian | F110: =Table1[[#This Row],[TC-G1-AS]]+Table1[[#This Row],[TC-G2-AS]]+Table1[[#This Row],[TC-G3-AS]]+Table1[[#This Row],[TC-G4-AS]]+Table1[[#This Row],[TC-G5-AS]] -> 1 | J110: 1 | L110: =SUBSTITUTE(Table1[[#This Row],[TeamID]],Table1[[#This Row],[Team Captain]]&"/","") -> Neil | O110: 1 | R110: =Table1[[#This Row],[P-G1-AS]]+Table1[[#This Row],[P-G2-AS]]+Table1[[#This Row],[P-G3-AS]]+Table1[[#This Row],[P-G4-AS]]+Table1[[#This Row],[P-G5-AS]] -> 1 | S110: 22.68 | T110: 1 | U110: Brian | V110: 2 | W110: 34.6 | X110: 0 | AA110: =(S110+W110)/2 -> 28.64 | AB110: 1.09 | AC110: 1 | AE110: 1.52 | AF110: 1 | AH110: =(AB110+AE110)/2 -> 1.305 | AI110: 23.15 | AJ110: Brian | AK110: 56 | AL110: Brian | AM110: 10 | AN110: 1 | AO110: =T110+AC110+AN110+AF110+X110 -> 4
A111: 7-3 | B111: 2024 Summer | C111: V | D111: Mark/Mike C | E111: =LEFT(Table1[[#This Row],[TeamID]],FIND("/",Table1[[#This Row],[TeamID]])-1) -> Mark | F111: =Table1[[#This Row],[TC-G1-AS]]+Table1[[#This Row],[TC-G2-AS]]+Table1[[#This Row],[TC-G3-AS]]+Table1[[#This Row],[TC-G4-AS]]+Table1[[#This Row],[TC-G5-AS]] -> 1 | H111: 1 | L111: =SUBSTITUTE(Table1[[#This Row],[TeamID]],Table1[[#This Row],[Team Captain]]&"/","") -> Mike C | O111: 1 | R111: =Table1[[#This Row],[P-G1-AS]]+Table1[[#This Row],[P-G2-AS]]+Table1[[#This Row],[P-G3-AS]]+Table1[[#This Row],[P-G4-AS]]+Table1[[#This Row],[P-G5-AS]] -> 1 | S111: 22.43 | T111: 0 | W111: 37.57 | X111: 1 | AA111: =(S111+W111)/2 -> 30 | AB111: 1.09 | AC111: 0 | AE111: 1.1 | AF111: 0 | AH111: =(AB111+AE111)/2 -> 1.095 | AI111: 23.75 | AJ111: Mark | AK111: 26 | AN111: 0 | AO111: =T111+AC111+AN111+AF111+X111 -> 1
A112: 7-4 | B112: 2024 Summer | C112: H | D112: Mike A/Paul | E112: =LEFT(Table1[[#This Row],[TeamID]],FIND("/",Table1[[#This Row],[TeamID]])-1) -> Mike A | F112: =Table1[[#This Row],[TC-G1-AS]]+Table1[[#This Row],[TC-G2-AS]]+Table1[[#This Row],[TC-G3-AS]]+Table1[[#This Row],[TC-G4-AS]]+Table1[[#This Row],[TC-G5-AS]] -> 1 | H112: 1 | L112: =SUBSTITUTE(Table1[[#This Row],[TeamID]],Table1[[#This Row],[Team Captain]]&"/","") -> Paul | Q112: 1 | R112: =Table1[[#This Row],[P-G1-AS]]+Table1[[#This Row],[P-G2-AS]]+Table1[[#This Row],[P-G3-AS]]+Table1[[#This Row],[P-G4-AS]]+Table1[[#This Row],[P-G5-AS]] -> 1 | S112: 40.62 | T112: 1 | U112: Mike A | V112: 16 | W112: 45.48 | X112: 1 | Y112: Paul | Z112: 20 | AA112: =(S112+W112)/2 -> 43.05 | AB112: 1.28 | AC112: 0 | AE112: 1.22 | AF112: 1 | AH112: =(AB112+AE112)/2 -> 1.25 | AI112: 28.2 | AJ112: Mike A | AK112: 42 | AL112: Mike A | AM112: 4 | AN112: 1 | AO112: =T112+AC112+AN112+AF112+X112 -> 4
A113: 7-4 | B113: 2024 Summer | C113: V | D113: Daniel/Matt | E113: =LEFT(Table1[[#This Row],[TeamID]],FIND("/",Table1[[#This Row],[TeamID]])-1) -> Daniel | F113: =Table1[[#This Row],[TC-G1-AS]]+Table1[[#This Row],[TC-G2-AS]]+Table1[[#This Row],[TC-G3-AS]]+Table1[[#This Row],[TC-G4-AS]]+Table1[[#This Row],[TC-G5-AS]] -> 2 | G113: 1 | I113: 1 | L113: =SUBSTITUTE(Table1[[#This Row],[TeamID]],Table1[[#This Row],[Team Captain]]&"/","") -> Matt | P113: 1 | R113: =Table1[[#This Row],[P-G1-AS]]+Table1[[#This Row],[P-G2-AS]]+Table1[[#This Row],[P-G3-AS]]+Table1[[#This Row],[P-G4-AS]]+Table1[[#This Row],[P-G5-AS]] -> 1 | S113: 38.23 | T113: 0 | W113: 46.1 | X113: 0 | AA113: =(S113+W113)/2 -> 42.165 | AB113: 1.58 | AC113: 1 | AE113: 1.27 | AF113: 0 | AH113: =(AB113+AE113)/2 -> 1.425 | AI113: 25.09 | AJ113: Daniel | AK113: 30 | AN113: 0 | AO113: =T113+AC113+AN113+AF113+X113 -> 1
A114: 1-1 | B114: 2025 Winter | C114: H | D114: Brian/Tony | E114: =LEFT(Table1[[#This Row],[TeamID]],FIND("/",Table1[[#This Row],[TeamID]])-1) -> Brian | F114: =Table1[[#This Row],[TC-G1-AS]]+Table1[[#This Row],[TC-G2-AS]]+Table1[[#This Row],[TC-G3-AS]]+Table1[[#This Row],[TC-G4-AS]]+Table1[[#This Row],[TC-G5-AS]] -> 0 | L114: =SUBSTITUTE(Table1[[#This Row],[TeamID]],Table1[[#This Row],[Team Captain]]&"/","") -> Tony | O114: 1 | R114: =Table1[[#This Row],[P-G1-AS]]+Table1[[#This Row],[P-G2-AS]]+Table1[[#This Row],[P-G3-AS]]+Table1[[#This Row],[P-G4-AS]]+Table1[[#This Row],[P-G5-AS]] -> 1 | S114: 34 | T114: 0 | W114: 34 | X114: 0 | AA114: =(S114+W114)/2 -> 34 | AB114: 1.23 | AC114: 0 | AE114: 1.29 | AF114: 0 | AH114: =(AB114+AE114)/2 -> 1.26 | AI114: 32.25 | AJ114: Brian | AK114: 22 | AL114: Tony | AM114: 10 | AN114: 1 | AO114: =T114+AC114+AN114+AF114+X114 -> 1
A115: 1-1 | B115: 2025 Winter | C115: V | D115: Todd/Mark | E115: =LEFT(Table1[[#This Row],[TeamID]],FIND("/",Table1[[#This Row],[TeamID]])-1) -> Todd | F115: =Table1[[#This Row],[TC-G1-AS]]+Table1[[#This Row],[TC-G2-AS]]+Table1[[#This Row],[TC-G3-AS]]+Table1[[#This Row],[TC-G4-AS]]+Table1[[#This Row],[TC-G5-AS]] -> 0 | L115: =SUBSTITUTE(Table1[[#This Row],[TeamID]],Table1[[#This Row],[Team Captain]]&"/","") -> Mark | N115: 1 | Q115: 1 | R115: =Table1[[#This Row],[P-G1-AS]]+Table1[[#This Row],[P-G2-AS]]+Table1[[#This Row],[P-G3-AS]]+Table1[[#This Row],[P-G4-AS]]+Table1[[#This Row],[P-G5-AS]] -> 2 | S115: 36.66 | T115: 1 | U115: Mark | V115: 16 | W115: 36.66 | X115: 1 | Y115: Todd | Z115: 32 | AA115: =(S115+W115)/2 -> 36.66 | AB115: 1.36 | AC115: 1 | AE115: 1.53 | AF115: 1 | AH115: =(AB115+AE115)/2 -> 1.445 | AI115: 32.78 | AJ115: Mark | AK115: 40 | AN115: 0 | AO115: =T115+AC115+AN115+AF115+X115 -> 4
A116: 1-2 | B116: 2025 Winter | C116: H | D116: Neil/Clarence | E116: =LEFT(Table1[[#This Row],[TeamID]],FIND("/",Table1[[#This Row],[TeamID]])-1) -> Neil | F116: =Table1[[#This Row],[TC-G1-AS]]+Table1[[#This Row],[TC-G2-AS]]+Table1[[#This Row],[TC-G3-AS]]+Table1[[#This Row],[TC-G4-AS]]+Table1[[#This Row],[TC-G5-AS]] -> 2 | J116: 1 | K116: 1 | L116: =SUBSTITUTE(Table1[[#This Row],[TeamID]],Table1[[#This Row],[Team Captain]]&"/","") -> Clarence | N116: 1 | R116: =Table1[[#This Row],[P-G1-AS]]+Table1[[#This Row],[P-G2-AS]]+Table1[[#This Row],[P-G3-AS]]+Table1[[#This Row],[P-G4-AS]]+Table1[[#This Row],[P-G5-AS]] -> 1 | S116: 24.24 | T116: 1 | U116: Clarence | V116: 8 | W116: 30.06 | X116: 1 | Y116: Neil | Z116: 2 | AA116: =(S116+W116)/2 -> 27.15 | AB116: 0.67 | AC116: 0 | AE116: 1.15 | AF116: 1 | AH116: =(AB116+AE116)/2 -> 0.91 | AI116: 33.25 | AJ116: Clarence | AK116: 34 | AN116: 0 | AO116: =T116+AC116+AN116+AF116+X116 -> 3
A117: 1-2 | B117: 2025 Winter | C117: V | D117: Kevin/Art | E117: =LEFT(Table1[[#This Row],[TeamID]],FIND("/",Table1[[#This Row],[TeamID]])-1) -> Kevin | F117: =Table1[[#This Row],[TC-G1-AS]]+Table1[[#This Row],[TC-G2-AS]]+Table1[[#This Row],[TC-G3-AS]]+Table1[[#This Row],[TC-G4-AS]]+Table1[[#This Row],[TC-G5-AS]] -> 0 | L117: =SUBSTITUTE(Table1[[#This Row],[TeamID]],Table1[[#This Row],[Team Captain]]&"/","") -> Art | M117: 1 | R117: =Table1[[#This Row],[P-G1-AS]]+Table1[[#This Row],[P-G2-AS]]+Table1[[#This Row],[P-G3-AS]]+Table1[[#This Row],[P-G4-AS]]+Table1[[#This Row],[P-G5-AS]] -> 1 | S117: 23.52 | T117: 0 | W117: 30.056 | X117: 0 | AA117: =(S117+W117)/2 -> 26.788 | AB117: 1.27 | AC117: 1 | AE117: 1 | AF117: 0 | AH117: =(AB117+AE117)/2 -> 1.135 | AI117: 33.44 | AJ117: Kevin | AK117: 14 | AL117: Kevin | AM117: 43 | AN117: 1 | AO117: =T117+AC117+AN117+AF117+X117 -> 2
A118: 1-3 | B118: 2025 Winter | C118: H | D118: Mike H/Paul | E118: =LEFT(Table1[[#This Row],[TeamID]],FIND("/",Table1[[#This Row],[TeamID]])-1) -> Mike H | F118: =Table1[[#This Row],[TC-G1-AS]]+Table1[[#This Row],[TC-G2-AS]]+Table1[[#This Row],[TC-G3-AS]]+Table1[[#This Row],[TC-G4-AS]]+Table1[[#This Row],[TC-G5-AS]] -> 0 | L118: =SUBSTITUTE(Table1[[#This Row],[TeamID]],Table1[[#This Row],[Team Captain]]&"/","") -> Paul | Q118: 1 | R118: =Table1[[#This Row],[P-G1-AS]]+Table1[[#This Row],[P-G2-AS]]+Table1[[#This Row],[P-G3-AS]]+Table1[[#This Row],[P-G4-AS]]+Table1[[#This Row],[P-G5-AS]] -> 1 | S118: 22.36 | T118: 0 | W118: 31.23 | X118: 0 | AA118: =(S118+W118)/2 -> 26.795 | AB118: 1.42 | AC118: 1 | AE118: 1.45 | AF118: 1 | AH118: =(AB118+AE118)/2 -> 1.435 | AI118: 21 | AJ118: Paul | AK118: 30 | AN118: 0 | AO118: =T118+AC118+AN118+AF118+X118 -> 2
A119: 1-3 | B119: 2025 Winter | C119: V | D119: Daniel/David | E119: =LEFT(Table1[[#This Row],[TeamID]],FIND("/",Table1[[#This Row],[TeamID]])-1) -> Daniel | F119: =Table1[[#This Row],[TC-G1-AS]]+Table1[[#This Row],[TC-G2-AS]]+Table1[[#This Row],[TC-G3-AS]]+Table1[[#This Row],[TC-G4-AS]]+Table1[[#This Row],[TC-G5-AS]] -> 1 | K119: 1 | L119: =SUBSTITUTE(Table1[[#This Row],[TeamID]],Table1[[#This Row],[Team Captain]]&"/","") -> David | O119: 1 | R119: =Table1[[#This Row],[P-G1-AS]]+Table1[[#This Row],[P-G2-AS]]+Table1[[#This Row],[P-G3-AS]]+Table1[[#This Row],[P-G4-AS]]+Table1[[#This Row],[P-G5-AS]] -> 1 | S119: 23.12 | T119: 1 | U119: David | V119: 4 | W119: 37.57 | X119: 1 | Y119: Daniel | Z119: 4 | AA119: =(S119+W119)/2 -> 30.345 | AB119: 1.5 | AC119: 0 | AE119: 1 | AF119: 0 | AH119: =(AB119+AE119)/2 -> 1.25 | AI119: 23.76 | AJ119: David | AK119: 41 | AL119: Daniel | AM119: 7 | AN119: 1 | AO119: =T119+AC119+AN119+AF119+X119 -> 3
A120: 1-4 | B120: 2025 Winter | C120: H | D120: Tayven/Jeremy | E120: =LEFT(Table1[[#This Row],[TeamID]],FIND("/",Table1[[#This Row],[TeamID]])-1) -> Tayven | F120: =Table1[[#This Row],[TC-G1-AS]]+Table1[[#This Row],[TC-G2-AS]]+Table1[[#This Row],[TC-G3-AS]]+Table1[[#This Row],[TC-G4-AS]]+Table1[[#This Row],[TC-G5-AS]] -> 0 | L120: =SUBSTITUTE(Table1[[#This Row],[TeamID]],Table1[[#This Row],[Team Captain]]&"/","") -> Jeremy | R120: =Table1[[#This Row],[P-G1-AS]]+Table1[[#This Row],[P-G2-AS]]+Table1[[#This Row],[P-G3-AS]]+Table1[[#This Row],[P-G4-AS]]+Table1[[#This Row],[P-G5-AS]] -> 0 | S120: 45.4 | T120: 0 | W120: 36.2 | X120: 0 | AA120: =(S120+W120)/2 -> 40.8 | AB120: 1.2 | AC120: 1 | AE120: 1.19 | AF120: 0 | AH120: =(AB120+AE120)/2 -> 1.195 | AI120: 17 | AJ120: Tayven | AK120: 32 | AN120: 0 | AO120: =T120+AC120+AN120+AF120+X120 -> 1
A121: 1-4 | B121: 2025 Winter | C121: V | D121: Mike A/Mike C | E121: =LEFT(Table1[[#This Row],[TeamID]],FIND("/",Table1[[#This Row],[TeamID]])-1) -> Mike A | F121: =Table1[[#This Row],[TC-G1-AS]]+Table1[[#This Row],[TC-G2-AS]]+Table1[[#This Row],[TC-G3-AS]]+Table1[[#This Row],[TC-G4-AS]]+Table1[[#This Row],[TC-G5-AS]] -> 1 | G121: 1 | L121: =SUBSTITUTE(Table1[[#This Row],[TeamID]],Table1[[#This Row],[Team Captain]]&"/","") -> Mike C | O121: 1 | R121: =Table1[[#This Row],[P-G1-AS]]+Table1[[#This Row],[P-G2-AS]]+Table1[[#This Row],[P-G3-AS]]+Table1[[#This Row],[P-G4-AS]]+Table1[[#This Row],[P-G5-AS]] -> 1 | S121: 51.8 | T121: 1 | U121: Mike C | V121: 33 | W121: 46.97 | X121: 1 | Y121: Mike C | Z121: 37 | AA121: =(S121+W121)/2 -> 49.385 | AB121: 1.17 | AC121: 0 | AE121: 1.65 | AF121: 1 | AH121: =(AB121+AE121)/2 -> 1.41 | AI121: 37.62 | AJ121: Mike A | AK121: 76 | AL121: Mike C | AM121: 33 | AN121: 1 | AO121: =T121+AC121+AN121+AF121+X121 -> 4
A122: 2-1 | B122: 2025 Winter | C122: H | D122: Tayven/Jeremy | E122: =LEFT(Table1[[#This Row],[TeamID]],FIND("/",Table1[[#This Row],[TeamID]])-1) -> Tayven | F122: =Table1[[#This Row],[TC-G1-AS]]+Table1[[#This Row],[TC-G2-AS]]+Table1[[#This Row],[TC-G3-AS]]+Table1[[#This Row],[TC-G4-AS]]+Table1[[#This Row],[TC-G5-AS]] -> 1 | I122: 1 | L122: =SUBSTITUTE(Table1[[#This Row],[TeamID]],Table1[[#This Row],[Team Captain]]&"/","") -> Jeremy | O122: 1 | R122: =Table1[[#This Row],[P-G1-AS]]+Table1[[#This Row],[P-G2-AS]]+Table1[[#This Row],[P-G3-AS]]+Table1[[#This Row],[P-G4-AS]]+Table1[[#This Row],[P-G5-AS]] -> 1 | S122: 53.69 | T122: 1 | U122: Jeremy | V122: 50 | W122: 37.38 | X122: 0 | AA122: =(S122+W122)/2 -> 45.535 | AB122: 1.86 | AC122: 1 | AE122: 1.86 | AF122: 0 | AH122: =(AB122+AE122)/2 -> 1.86 | AI122: 24.41 | AJ122: Jeremy | AK122: 19 | AL122: Tayven | AM122: 14 | AN122: 1 | AO122: =T122+AC122+AN122+AF122+X122 -> 3
A123: 2-1 | B123: 2025 Winter | C123: V | D123: Mike H/Paul | E123: =LEFT(Table1[[#This Row],[TeamID]],FIND("/",Table1[[#This Row],[TeamID]])-1) -> Mike H | F123: =Table1[[#This Row],[TC-G1-AS]]+Table1[[#This Row],[TC-G2-AS]]+Table1[[#This Row],[TC-G3-AS]]+Table1[[#This Row],[TC-G4-AS]]+Table1[[#This Row],[TC-G5-AS]] -> 2 | I123: 1 | J123: 1 | L123: =SUBSTITUTE(Table1[[#This Row],[TeamID]],Table1[[#This Row],[Team Captain]]&"/","") -> Paul | Q123: 1 | R123: =Table1[[#This Row],[P-G1-AS]]+Table1[[#This Row],[P-G2-AS]]+Table1[[#This Row],[P-G3-AS]]+Table1[[#This Row],[P-G4-AS]]+Table1[[#This Row],[P-G5-AS]] -> 1 | S123: 53 | T123: 0 | W123: 37.57 | X123: 1 | Y123: Paul | Z123: 2 | AA123: =(S123+W123)/2 -> 45.285 | AB123: 1.46 | AC123: 0 | AE123: 1.46 | AF123: 1 | AH123: =(AB123+AE123)/2 -> 1.46 | AI123: 24.25 | AJ123: Paul | AK123: 30 | AN123: 0 | AO123: =T123+AC123+AN123+AF123+X123 -> 2
A124: 2-2 | B124: 2025 Winter | C124: H | D124: Mike A/Mike C | E124: =LEFT(Table1[[#This Row],[TeamID]],FIND("/",Table1[[#This Row],[TeamID]])-1) -> Mike A | F124: =Table1[[#This Row],[TC-G1-AS]]+Table1[[#This Row],[TC-G2-AS]]+Table1[[#This Row],[TC-G3-AS]]+Table1[[#This Row],[TC-G4-AS]]+Table1[[#This Row],[TC-G5-AS]] -> 1 | I124: 1 | L124: =SUBSTITUTE(Table1[[#This Row],[TeamID]],Table1[[#This Row],[Team Captain]]&"/","") -> Mike C | R124: =Table1[[#This Row],[P-G1-AS]]+Table1[[#This Row],[P-G2-AS]]+Table1[[#This Row],[P-G3-AS]]+Table1[[#This Row],[P-G4-AS]]+Table1[[#This Row],[P-G5-AS]] -> 0 | S124: 35.79 | T124: 1 | U124: Mike C | V124: 8 | W124: 39.55 | X124: 1 | Y124: Mike C | Z124: 80 | AA124: =(S124+W124)/2 -> 37.67 | AB124: 1.36 | AC124: 0 | AE124: 1.67 | AF124: 1 | AH124: =(AB124+AE124)/2 -> 1.515 | AI124: 15.22 | AJ124: Mike C | AK124: 40 | AN124: 0 | AO124: =T124+AC124+AN124+AF124+X124 -> 3
A125: 2-2 | B125: 2025 Winter | C125: V | D125: Daniel/David | E125: =LEFT(Table1[[#This Row],[TeamID]],FIND("/",Table1[[#This Row],[TeamID]])-1) -> Daniel | F125: =Table1[[#This Row],[TC-G1-AS]]+Table1[[#This Row],[TC-G2-AS]]+Table1[[#This Row],[TC-G3-AS]]+Table1[[#This Row],[TC-G4-AS]]+Table1[[#This Row],[TC-G5-AS]] -> 1 | J125: 1 | L125: =SUBSTITUTE(Table1[[#This Row],[TeamID]],Table1[[#This Row],[Team Captain]]&"/","") -> David | R125: =Table1[[#This Row],[P-G1-AS]]+Table1[[#This Row],[P-G2-AS]]+Table1[[#This Row],[P-G3-AS]]+Table1[[#This Row],[P-G4-AS]]+Table1[[#This Row],[P-G5-AS]] -> 0 | S125: 34.64 | T125: 0 | W125: 34.07 | X125: 0 | AA125: =(S125+W125)/2 -> 34.355 | AB125: 1.5 | AC125: 1 | AE125: 1.2 | AF125: 0 | AH125: =(AB125+AE125)/2 -> 1.35 | AI125: 31.14 | AJ125: Daniel | AK125: 40 | AL125: David | AM125: 18 | AN125: 1 | AO125: =T125+AC125+AN125+AF125+X125 -> 2
A126: 2-3 | B126: 2025 Winter | C126: H | D126: Neil/Clarence | E126: =LEFT(Table1[[#This Row],[TeamID]],FIND("/",Table1[[#This Row],[TeamID]])-1) -> Neil | F126: =Table1[[#This Row],[TC-G1-AS]]+Table1[[#This Row],[TC-G2-AS]]+Table1[[#This Row],[TC-G3-AS]]+Table1[[#This Row],[TC-G4-AS]]+Table1[[#This Row],[TC-G5-AS]] -> 0 | L126: =SUBSTITUTE(Table1[[#This Row],[TeamID]],Table1[[#This Row],[Team Captain]]&"/","") -> Clarence | M126: 1 | N126: 2 | R126: =Table1[[#This Row],[P-G1-AS]]+Table1[[#This Row],[P-G2-AS]]+Table1[[#This Row],[P-G3-AS]]+Table1[[#This Row],[P-G4-AS]]+Table1[[#This Row],[P-G5-AS]] -> 3 | S126: 48.48 | T126: 1 | U126: Clarence | V126: 16 | W126: 21.17 | X126: 1 | Y126: Neil | Z126: 2 | AA126: =(S126+W126)/2 -> 34.825 | AB126: 1.26 | AC126: 0 | AE126: 0.97 | AF126: 0 | AH126: =(AB126+AE126)/2 -> 1.115 | AI126: 22.58 | AJ126: Clarence | AK126: 52 | AL126: Neil | AM126: 6 | AN126: 1 | AO126: =T126+AC126+AN126+AF126+X126 -> 3
A127: 2-3 | B127: 2025 Winter | C127: V | D127: Brian/Tony | E127: =LEFT(Table1[[#This Row],[TeamID]],FIND("/",Table1[[#This Row],[TeamID]])-1) -> Brian | F127: =Table1[[#This Row],[TC-G1-AS]]+Table1[[#This Row],[TC-G2-AS]]+Table1[[#This Row],[TC-G3-AS]]+Table1[[#This Row],[TC-G4-AS]]+Table1[[#This Row],[TC-G5-AS]] -> 3 | H127: 1 | I127: 1 | J127: 1 | L127: =SUBSTITUTE(Table1[[#This Row],[TeamID]],Table1[[#This Row],[Team Captain]]&"/","") -> Tony | R127: =Table1[[#This Row],[P-G1-AS]]+Table1[[#This Row],[P-G2-AS]]+Table1[[#This Row],[P-G3-AS]]+Table1[[#This Row],[P-G4-AS]]+Table1[[#This Row],[P-G5-AS]] -> 0 | S127: 41.81 | T127: 0 | W127: 18.26 | X127: 0 | AA127: =(S127+W127)/2 -> 30.035 | AB127: 1.75 | AC127: 1 | AE127: 1.09 | AF127: 1 | AH127: =(AB127+AE127)/2 -> 1.42 | AI127: 21.83 | AJ127: Tony | AK127: 84 | AN127: 0 | AO127: =T127+AC127+AN127+AF127+X127 -> 2
A128: 2-4 | B128: 2025 Winter | C128: H | D128: Kevin/Art | E128: =LEFT(Table1[[#This Row],[TeamID]],FIND("/",Table1[[#This Row],[TeamID]])-1) -> Kevin | F128: =Table1[[#This Row],[TC-G1-AS]]+Table1[[#This Row],[TC-G2-AS]]+Table1[[#This Row],[TC-G3-AS]]+Table1[[#This Row],[TC-G4-AS]]+Table1[[#This Row],[TC-G5-AS]] -> 0 | L128: =SUBSTITUTE(Table1[[#This Row],[TeamID]],Table1[[#This Row],[Team Captain]]&"/","") -> Art | R128: =Table1[[#This Row],[P-G1-AS]]+Table1[[#This Row],[P-G2-AS]]+Table1[[#This Row],[P-G3-AS]]+Table1[[#This Row],[P-G4-AS]]+Table1[[#This Row],[P-G5-AS]] -> 0 | S128: 41.91 | T128: 0 | W128: 22.68 | X128: 0 | AA128: =(S128+W128)/2 -> 32.295 | AB128: 0.94 | AC128: 0 | AE128: 1.12 | AF128: 0 | AH128: =(AB128+AE128)/2 -> 1.03 | AI128: 36.12 | AJ128: Kevin | AK128: 57 | AN128: 0 | AO128: =T128+AC128+AN128+AF128+X128 -> 0
A129: 2-4 | B129: 2025 Winter | C129: V | D129: Todd/Mark | E129: =LEFT(Table1[[#This Row],[TeamID]],FIND("/",Table1[[#This Row],[TeamID]])-1) -> Todd | F129: =Table1[[#This Row],[TC-G1-AS]]+Table1[[#This Row],[TC-G2-AS]]+Table1[[#This Row],[TC-G3-AS]]+Table1[[#This Row],[TC-G4-AS]]+Table1[[#This Row],[TC-G5-AS]] -> 2 | J129: 1 | K129: 1 | L129: =SUBSTITUTE(Table1[[#This Row],[TeamID]],Table1[[#This Row],[Team Captain]]&"/","") -> Mark | R129: =Table1[[#This Row],[P-G1-AS]]+Table1[[#This Row],[P-G2-AS]]+Table1[[#This Row],[P-G3-AS]]+Table1[[#This Row],[P-G4-AS]]+Table1[[#This Row],[P-G5-AS]] -> 0 | S129: 44.21 | T129: 1 | U129: Mark | V129: 38 | W129: 23.48 | X129: 1 | Y129: Todd | Z129: 10 | AA129: =(S129+W129)/2 -> 33.845 | AB129: 1.12 | AC129: 1 | AE129: 1.21 | AF129: 1 | AH129: =(AB129+AE129)/2 -> 1.165 | AI129: 37.62 | AJ129: Todd | AK129: 40 | AL129: Mark | AM129: 16 | AN129: 1 | AO129: =T129+AC129+AN129+AF129+X129 -> 5
A130: 3-1 | B130: 2025 Winter | C130: H | D130: Mike A/Mike C | E130: =LEFT(Table1[[#This Row],[TeamID]],FIND("/",Table1[[#This Row],[TeamID]])-1) -> Mike A | F130: =Table1[[#This Row],[TC-G1-AS]]+Table1[[#This Row],[TC-G2-AS]]+Table1[[#This Row],[TC-G3-AS]]+Table1[[#This Row],[TC-G4-AS]]+Table1[[#This Row],[TC-G5-AS]] -> 1 | I130: 1 | L130: =SUBSTITUTE(Table1[[#This Row],[TeamID]],Table1[[#This Row],[Team Captain]]&"/","") -> Mike C | M130: 1 | Q130: 1 | R130: =Table1[[#This Row],[P-G1-AS]]+Table1[[#This Row],[P-G2-AS]]+Table1[[#This Row],[P-G3-AS]]+Table1[[#This Row],[P-G4-AS]]+Table1[[#This Row],[P-G5-AS]] -> 2 | S130: 42.94 | T130: 1 | U130: Mike C | V130: 35 | W130: 55.67 | X130: 1 | Y130: Mike C | Z130: 51 | AA130: =(S130+W130)/2 -> 49.305 | AB130: 1.37 | AC130: 1 | AE130: 1.22 | AF130: 0 | AH130: =(AB130+AE130)/2 -> 1.295 | AI130: 30.1 | AJ130: Mike A | AK130: 40 | AL130: Mike C | AM130: 58 | AN130: 1 | AO130: =T130+AC130+AN130+AF130+X130 -> 4
A131: 3-1 | B131: 2025 Winter | C131: V | D131: Kevin/Art | E131: =LEFT(Table1[[#This Row],[TeamID]],FIND("/",Table1[[#This Row],[TeamID]])-1) -> Kevin | F131: =Table1[[#This Row],[TC-G1-AS]]+Table1[[#This Row],[TC-G2-AS]]+Table1[[#This Row],[TC-G3-AS]]+Table1[[#This Row],[TC-G4-AS]]+Table1[[#This Row],[TC-G5-AS]] -> 2 | J131: 1 | K131: 1 | L131: =SUBSTITUTE(Table1[[#This Row],[TeamID]],Table1[[#This Row],[Team Captain]]&"/","") -> Art | R131: =Table1[[#This Row],[P-G1-AS]]+Table1[[#This Row],[P-G2-AS]]+Table1[[#This Row],[P-G3-AS]]+Table1[[#This Row],[P-G4-AS]]+Table1[[#This Row],[P-G5-AS]] -> 0 | S131: 39.27 | T131: 0 | W131: 29.56 | X131: 0 | AA131: =(S131+W131)/2 -> 34.415 | AB131: 1 | AC131: 0 | AE131: 1.18 | AF131: 1 | AH131: =(AB131+AE131)/2 -> 1.09 | AI131: 29.3 | AJ131: Kevin | AK131: 52 | AN131: 0 | AO131: =T131+AC131+AN131+AF131+X131 -> 1
A132: 3-2 | B132: 2025 Winter | C132: H | D132: Brian/Tony | E132: =LEFT(Table1[[#This Row],[TeamID]],FIND("/",Table1[[#This Row],[TeamID]])-1) -> Brian | F132: =Table1[[#This Row],[TC-G1-AS]]+Table1[[#This Row],[TC-G2-AS]]+Table1[[#This Row],[TC-G3-AS]]+Table1[[#This Row],[TC-G4-AS]]+Table1[[#This Row],[TC-G5-AS]] -> 2 | G132: 1 | I132: 1 | L132: =SUBSTITUTE(Table1[[#This Row],[TeamID]],Table1[[#This Row],[Team Captain]]&"/","") -> Tony | R132: =Table1[[#This Row],[P-G1-AS]]+Table1[[#This Row],[P-G2-AS]]+Table1[[#This Row],[P-G3-AS]]+Table1[[#This Row],[P-G4-AS]]+Table1[[#This Row],[P-G5-AS]] -> 0 | S132: 24.24 | T132: 1 | U132: Brian | V132: 4 | W132: 33 | X132: 0 | AA132: =(S132+W132)/2 -> 28.62 | AB132: 2 | AC132: 1 | AE132: 1.09 | AF132: 0 | AH132: =(AB132+AE132)/2 -> 1.545 | AI132: 17.22 | AJ132: Brian | AK132: 16 | AN132: 0 | AO132: =T132+AC132+AN132+AF132+X132 -> 2
A133: 3-2 | B133: 2025 Winter | C133: V | D133: Mike H/Paul | E133: =LEFT(Table1[[#This Row],[TeamID]],FIND("/",Table1[[#This Row],[TeamID]])-1) -> Mike H | F133: =Table1[[#This Row],[TC-G1-AS]]+Table1[[#This Row],[TC-G2-AS]]+Table1[[#This Row],[TC-G3-AS]]+Table1[[#This Row],[TC-G4-AS]]+Table1[[#This Row],[TC-G5-AS]] -> 0 | L133: =SUBSTITUTE(Table1[[#This Row],[TeamID]],Table1[[#This Row],[Team Captain]]&"/","") -> Paul | R133: =Table1[[#This Row],[P-G1-AS]]+Table1[[#This Row],[P-G2-AS]]+Table1[[#This Row],[P-G3-AS]]+Table1[[#This Row],[P-G4-AS]]+Table1[[#This Row],[P-G5-AS]] -> 0 | S133: 23.57 | T133: 0 | W133: 40.62 | X133: 1 | Y133: Mike H | Z133: 8 | AA133: =(S133+W133)/2 -> 32.095 | AB133: 1.38 | AC133: 0 | AE133: 1.35 | AF133: 1 | AH133: =(AB133+AE133)/2 -> 1.365 | AI133: 30.1 | AJ133: Paul | AK133: 20 | AL133: Mike H | AM133: 8 | AN133: 1 | AO133: =T133+AC133+AN133+AF133+X133 -> 3
A134: 3-3 | B134: 2025 Winter | C134: H | D134: Tayven/Jeremy | E134: =LEFT(Table1[[#This Row],[TeamID]],FIND("/",Table1[[#This Row],[TeamID]])-1) -> Tayven | F134: =Table1[[#This Row],[TC-G1-AS]]+Table1[[#This Row],[TC-G2-AS]]+Table1[[#This Row],[TC-G3-AS]]+Table1[[#This Row],[TC-G4-AS]]+Table1[[#This Row],[TC-G5-AS]] -> 1 | G134: 1 | L134: =SUBSTITUTE(Table1[[#This Row],[TeamID]],Table1[[#This Row],[Team Captain]]&"/","") -> Jeremy | R134: =Table1[[#This Row],[P-G1-AS]]+Table1[[#This Row],[P-G2-AS]]+Table1[[#This Row],[P-G3-AS]]+Table1[[#This Row],[P-G4-AS]]+Table1[[#This Row],[P-G5-AS]] -> 0 | S134: 37.31 | T134: 0 | W134: 42.88 | X134: 0 | AA134: =(S134+W134)/2 -> 40.095 | AB134: 1.14 | AC134: 1 | AE134: 1.21 | AF134: 1 | AH134: =(AB134+AE134)/2 -> 1.175 | AI134: 12.64 | AJ134: Tayven | AK134: 16 | AN134: 0 | AO134: =T134+AC134+AN134+AF134+X134 -> 2
A135: 3-3 | B135: 2025 Winter | C135: V | D135: Todd/Mark | E135: =LEFT(Table1[[#This Row],[TeamID]],FIND("/",Table1[[#This Row],[TeamID]])-1) -> Todd | F135: =Table1[[#This Row],[TC-G1-AS]]+Table1[[#This Row],[TC-G2-AS]]+Table1[[#This Row],[TC-G3-AS]]+Table1[[#This Row],[TC-G4-AS]]+Table1[[#This Row],[TC-G5-AS]] -> 0 | L135: =SUBSTITUTE(Table1[[#This Row],[TeamID]],Table1[[#This Row],[Team Captain]]&"/","") -> Mark | M135: 1 | N135: 2 | O135: 1 | R135: =Table1[[#This Row],[P-G1-AS]]+Table1[[#This Row],[P-G2-AS]]+Table1[[#This Row],[P-G3-AS]]+Table1[[#This Row],[P-G4-AS]]+Table1[[#This Row],[P-G5-AS]] -> 4 | S135: 36.66 | T135: 1 | U135: Mark | V135: 18 | W135: 65.35 | X135: 1 | Y135: Todd | Z135: 58 | AA135: =(S135+W135)/2 -> 51.005 | AB135: 1.1 | AC135: 0 | AE135: 1.22 | AF135: 0 | AH135: =(AB135+AE135)/2 -> 1.16 | AI135: 28.22 | AJ135: Todd | AK135: 72 | AL135: Todd | AM135: 5 | AN135: 1 | AO135: =T135+AC135+AN135+AF135+X135 -> 3
...

Sheet Match Data - D
A1: Games | AG1: Points | AP1: 501 Average | AY1: Cricket Average | BH1: 301 Average
B2: Played | C2: H1 501 Avg | D2: V1 501 Avg | E2: H1 501 Pts | F2: V1 501 Pts | G2: H2 501 Avg | H2: V2 501 Avg | I2: H2 501 Pts | J2: V2 501 Pts | K2: H 501 Avg | L2: V 501 Avg | M2: H1 Crick Avg | N2: V1 Crick Avg | O2: H1 Crick Pts | P2: V1 Crick Pts | Q2: H2 Crick Avg | R2: V2 Crick Avg | S2: H2 Crick Pts | T2: V2 Crick Pts | U2: H Crick Avg | V2: V Crick Avg | W2: H 301 Avg | X2: V 301 Avg | Y2: H 301 Pts | Z2: V 301 Pts | AA2: H Tot Points | AB2: V Tot Points | AD2: Point Check | AG2: ='Team Stats'!$A$2 -> Todd/Mike C | AH2: ='Team Stats'!$A$3 -> Clarence/Mike H | AI2: ='Team Stats'!$A$4 -> Jason/Mike A | AJ2: ='Team Stats'!$A$5 -> Kevin/Paul | AK2: ='Team Stats'!$A$6 -> Mark/Neil | AL2: ='Team Stats'!$A$7 -> Tayven/Tony | AM2: ='Team Stats'!$A$8 -> Brian/Olver | AN2: ='Team Stats'!$A$9 -> Daniel/David | AO2: CHECK | AP2: ='Team Stats'!$A$2 -> Todd/Mike C | AQ2: ='Team Stats'!$A$3 -> Clarence/Mike H | AR2: ='Team Stats'!$A$4 -> Jason/Mike A | AS2: ='Team Stats'!$A$5 -> Kevin/Paul | AT2: ='Team Stats'!$A$6 -> Mark/Neil | AU2: ='Team Stats'!$A$7 -> Tayven/Tony | AV2: ='Team Stats'!$A$8 -> Brian/Olver | AW2: ='Team Stats'!$A$9 -> Daniel/David | AY2: ='Team Stats'!$A$2 -> Todd/Mike C | AZ2: ='Team Stats'!$A$3 -> Clarence/Mike H | BA2: ='Team Stats'!$A$4 -> Jason/Mike A | BB2: ='Team Stats'!$A$5 -> Kevin/Paul | BC2: ='Team Stats'!$A$6 -> Mark/Neil | BD2: ='Team Stats'!$A$7 -> Tayven/Tony | BE2: ='Team Stats'!$A$8 -> Brian/Olver | BF2: ='Team Stats'!$A$9 -> Daniel/David | BH2: ='Team Stats'!$A$2 -> Todd/Mike C | BI2: ='Team Stats'!$A$3 -> Clarence/Mike H | BJ2: ='Team Stats'!$A$4 -> Jason/Mike A | BK2: ='Team Stats'!$A$5 -> Kevin/Paul | BL2: ='Team Stats'!$A$6 -> Mark/Neil | BM2: ='Team Stats'!$A$7 -> Tayven/Tony | BN2: ='Team Stats'!$A$8 -> Brian/Olver | BO2: ='Team Stats'!$A$9 -> Daniel/David
A3: Daniel/David | B3: Brian/Olver | C3: 35.4 | D3: 35.7 | E3: 0 | F3: 1 | G3: 30.8 | H3: 32.7 | I3: 0 | J3: 1 | K3: =(C3+G3)/2 -> 33.1 | L3: =(D3+H3)/2 -> 34.2 | M3: 1.33 | N3: 1.58 | O3: 0 | P3: 1 | Q3: 1.37 | R3: 1.05 | S3: 1 | T3: 0 | U3: =(M3+Q3)/2 -> 1.35 | V3: =(N3+R3)/2 -> 1.315 | W3: 23.76 | X3: 23.42 | Y3: 1 | Z3: 0 | AA3: =E3+O3+Y3+S3+I3 -> 2 | AB3: =F3+P3+Z3+J3+T3 -> 3 | AD3: =IF(AA3+AB3 = 5, "Good", "ERROR") -> Good | AG3: =IFERROR(VLOOKUP(AG$2,$A3:$AA3,27,FALSE),0)+IFERROR(VLOOKUP(AG$2,$B3:$AB3,27,FALSE),0) -> 0 | AH3: =IFERROR(VLOOKUP(AH$2,$A3:$AA3,27,FALSE),0)+IFERROR(VLOOKUP(AH$2,$B3:$AB3,27,FALSE),0) -> 0 | AI3: =IFERROR(VLOOKUP(AI$2,$A3:$AA3,27,FALSE),0)+IFERROR(VLOOKUP(AI$2,$B3:$AB3,27,FALSE),0) -> 0 | AJ3: =IFERROR(VLOOKUP(AJ$2,$A3:$AA3,27,FALSE),0)+IFERROR(VLOOKUP(AJ$2,$B3:$AB3,27,FALSE),0) -> 0 | AK3: =IFERROR(VLOOKUP(AK$2,$A3:$AA3,27,FALSE),0)+IFERROR(VLOOKUP(AK$2,$B3:$AB3,27,FALSE),0) -> 0 | AL3: =IFERROR(VLOOKUP(AL$2,$A3:$AA3,27,FALSE),0)+IFERROR(VLOOKUP(AL$2,$B3:$AB3,27,FALSE),0) -> 0 | AM3: =IFERROR(VLOOKUP(AM$2,$A3:$AA3,27,FALSE),0)+IFERROR(VLOOKUP(AM$2,$B3:$AB3,27,FALSE),0) -> 3 | AN3: =IFERROR(VLOOKUP(AN$2,$A3:$AA3,27,FALSE),0)+IFERROR(VLOOKUP(AN$2,$B3:$AB3,27,FALSE),0) -> 2 | AO3: =IF(SUM(AG3:AN3) = 5, "Good", "ERROR") -> Good | AP3: =IFERROR(VLOOKUP(AP$2,$A3:$AA3,11,FALSE),0)+IFERROR(VLOOKUP(AP$2,$B3:$AB3,11,FALSE),0) -> 0 | AQ3: =IFERROR(VLOOKUP(AQ$2,$A3:$AA3,11,FALSE),0)+IFERROR(VLOOKUP(AQ$2,$B3:$AB3,11,FALSE),0) -> 0 | AR3: =IFERROR(VLOOKUP(AR$2,$A3:$AA3,11,FALSE),0)+IFERROR(VLOOKUP(AR$2,$B3:$AB3,11,FALSE),0) -> 0 | AS3: =IFERROR(VLOOKUP(AS$2,$A3:$AA3,11,FALSE),0)+IFERROR(VLOOKUP(AS$2,$B3:$AB3,11,FALSE),0) -> 0 | AT3: =IFERROR(VLOOKUP(AT$2,$A3:$AA3,11,FALSE),0)+IFERROR(VLOOKUP(AT$2,$B3:$AB3,11,FALSE),0) -> 0 | AU3: =IFERROR(VLOOKUP(AU$2,$A3:$AA3,11,FALSE),0)+IFERROR(VLOOKUP(AU$2,$B3:$AB3,11,FALSE),0) -> 0 | AV3: =IFERROR(VLOOKUP(AV$2,$A3:$AA3,11,FALSE),0)+IFERROR(VLOOKUP(AV$2,$B3:$AB3,11,FALSE),0) -> 34.2 | AW3: =IFERROR(VLOOKUP(AW$2,$A3:$AA3,11,FALSE),0)+IFERROR(VLOOKUP(AW$2,$B3:$AB3,11,FALSE),0) -> 33.1 | AY3: =IFERROR(VLOOKUP(AY$2,$A3:$AA3,21,FALSE),0)+IFERROR(VLOOKUP(AY$2,$B3:$AB3,21,FALSE),0) -> 0 | AZ3: =IFERROR(VLOOKUP(AZ$2,$A3:$AA3,21,FALSE),0)+IFERROR(VLOOKUP(AZ$2,$B3:$AB3,21,FALSE),0) -> 0 | BA3: =IFERROR(VLOOKUP(BA$2,$A3:$AA3,21,FALSE),0)+IFERROR(VLOOKUP(BA$2,$B3:$AB3,21,FALSE),0) -> 0 | BB3: =IFERROR(VLOOKUP(BB$2,$A3:$AA3,21,FALSE),0)+IFERROR(VLOOKUP(BB$2,$B3:$AB3,21,FALSE),0) -> 0 | BC3: =IFERROR(VLOOKUP(BC$2,$A3:$AA3,21,FALSE),0)+IFERROR(VLOOKUP(BC$2,$B3:$AB3,21,FALSE),0) -> 0 | BD3: =IFERROR(VLOOKUP(BD$2,$A3:$AA3,21,FALSE),0)+IFERROR(VLOOKUP(BD$2,$B3:$AB3,21,FALSE),0) -> 0 | BE3: =IFERROR(VLOOKUP(BE$2,$A3:$AA3,21,FALSE),0)+IFERROR(VLOOKUP(BE$2,$B3:$AB3,21,FALSE),0) -> 1.315 | BF3: =IFERROR(VLOOKUP(BF$2,$A3:$AA3,21,FALSE),0)+IFERROR(VLOOKUP(BF$2,$B3:$AB3,21,FALSE),0) -> 1.35 | BH3: =IFERROR(VLOOKUP(BH$2,$A3:$AA3,23,FALSE),0)+IFERROR(VLOOKUP(BH$2,$B3:$AB3,23,FALSE),0) -> 0 | BI3: =IFERROR(VLOOKUP(BI$2,$A3:$AA3,23,FALSE),0)+IFERROR(VLOOKUP(BI$2,$B3:$AB3,23,FALSE),0) -> 0 | BJ3: =IFERROR(VLOOKUP(BJ$2,$A3:$AA3,23,FALSE),0)+IFERROR(VLOOKUP(BJ$2,$B3:$AB3,23,FALSE),0) -> 0 | BK3: =IFERROR(VLOOKUP(BK$2,$A3:$AA3,23,FALSE),0)+IFERROR(VLOOKUP(BK$2,$B3:$AB3,23,FALSE),0) -> 0 | BL3: =IFERROR(VLOOKUP(BL$2,$A3:$AA3,23,FALSE),0)+IFERROR(VLOOKUP(BL$2,$B3:$AB3,23,FALSE),0) -> 0 | BM3: =IFERROR(VLOOKUP(BM$2,$A3:$AA3,23,FALSE),0)+IFERROR(VLOOKUP(BM$2,$B3:$AB3,23,FALSE),0) -> 0 | BN3: =IFERROR(VLOOKUP(BN$2,$A3:$AA3,23,FALSE),0)+IFERROR(VLOOKUP(BN$2,$B3:$AB3,23,FALSE),0) -> 23.42 | BO3: =IFERROR(VLOOKUP(BO$2,$A3:$AA3,23,FALSE),0)+IFERROR(VLOOKUP(BO$2,$B3:$AB3,23,FALSE),0) -> 23.76
A4: Tayven/Tony | B4: Mark/Neil | C4: 36.08 | D4: 39.55 | E4: 0 | F4: 1 | G4: 35.46 | H4: 36.66 | I4: 0 | J4: 1 | K4: =(C4+G4)/2 -> 35.77 | L4: =(D4+H4)/2 -> 38.105 | M4: 0.96 | N4: 1.09 | O4: 0 | P4: 1 | Q4: 1.04 | R4: 1.04 | S4: 1 | T4: 0 | U4: =(M4+Q4)/2 -> 1 | V4: =(N4+R4)/2 -> 1.065 | W4: 22.68 | X4: 27.76 | Y4: 0 | Z4: 1 | AA4: =E4+O4+Y4+S4+I4 -> 1 | AB4: =F4+P4+Z4+J4+T4 -> 4 | AD4: =IF(AA4+AB4 = 5, "Good", "ERROR") -> Good | AG4: =IFERROR(VLOOKUP(AG$2,$A4:$AA4,27,FALSE),0)+IFERROR(VLOOKUP(AG$2,$B4:$AB4,27,FALSE),0) -> 0 | AH4: =IFERROR(VLOOKUP(AH$2,$A4:$AA4,27,FALSE),0)+IFERROR(VLOOKUP(AH$2,$B4:$AB4,27,FALSE),0) -> 0 | AI4: =IFERROR(VLOOKUP(AI$2,$A4:$AA4,27,FALSE),0)+IFERROR(VLOOKUP(AI$2,$B4:$AB4,27,FALSE),0) -> 0 | AJ4: =IFERROR(VLOOKUP(AJ$2,$A4:$AA4,27,FALSE),0)+IFERROR(VLOOKUP(AJ$2,$B4:$AB4,27,FALSE),0) -> 0 | AK4: =IFERROR(VLOOKUP(AK$2,$A4:$AA4,27,FALSE),0)+IFERROR(VLOOKUP(AK$2,$B4:$AB4,27,FALSE),0) -> 4 | AL4: =IFERROR(VLOOKUP(AL$2,$A4:$AA4,27,FALSE),0)+IFERROR(VLOOKUP(AL$2,$B4:$AB4,27,FALSE),0) -> 1 | AM4: =IFERROR(VLOOKUP(AM$2,$A4:$AA4,27,FALSE),0)+IFERROR(VLOOKUP(AM$2,$B4:$AB4,27,FALSE),0) -> 0 | AN4: =IFERROR(VLOOKUP(AN$2,$A4:$AA4,27,FALSE),0)+IFERROR(VLOOKUP(AN$2,$B4:$AB4,27,FALSE),0) -> 0 | AO4: =IF(SUM(AG4:AN4) = 5, "Good", "ERROR") -> Good | AP4: =IFERROR(VLOOKUP(AP$2,$A4:$AA4,11,FALSE),0)+IFERROR(VLOOKUP(AP$2,$B4:$AB4,11,FALSE),0) -> 0 | AQ4: =IFERROR(VLOOKUP(AQ$2,$A4:$AA4,11,FALSE),0)+IFERROR(VLOOKUP(AQ$2,$B4:$AB4,11,FALSE),0) -> 0 | AR4: =IFERROR(VLOOKUP(AR$2,$A4:$AA4,11,FALSE),0)+IFERROR(VLOOKUP(AR$2,$B4:$AB4,11,FALSE),0) -> 0 | AS4: =IFERROR(VLOOKUP(AS$2,$A4:$AA4,11,FALSE),0)+IFERROR(VLOOKUP(AS$2,$B4:$AB4,11,FALSE),0) -> 0 | AT4: =IFERROR(VLOOKUP(AT$2,$A4:$AA4,11,FALSE),0)+IFERROR(VLOOKUP(AT$2,$B4:$AB4,11,FALSE),0) -> 38.105 | AU4: =IFERROR(VLOOKUP(AU$2,$A4:$AA4,11,FALSE),0)+IFERROR(VLOOKUP(AU$2,$B4:$AB4,11,FALSE),0) -> 35.77 | AV4: =IFERROR(VLOOKUP(AV$2,$A4:$AA4,11,FALSE),0)+IFERROR(VLOOKUP(AV$2,$B4:$AB4,11,FALSE),0) -> 0 | AW4: =IFERROR(VLOOKUP(AW$2,$A4:$AA4,11,FALSE),0)+IFERROR(VLOOKUP(AW$2,$B4:$AB4,11,FALSE),0) -> 0 | AY4: =IFERROR(VLOOKUP(AY$2,$A4:$AA4,21,FALSE),0)+IFERROR(VLOOKUP(AY$2,$B4:$AB4,21,FALSE),0) -> 0 | AZ4: =IFERROR(VLOOKUP(AZ$2,$A4:$AA4,21,FALSE),0)+IFERROR(VLOOKUP(AZ$2,$B4:$AB4,21,FALSE),0) -> 0 | BA4: =IFERROR(VLOOKUP(BA$2,$A4:$AA4,21,FALSE),0)+IFERROR(VLOOKUP(BA$2,$B4:$AB4,21,FALSE),0) -> 0 | BB4: =IFERROR(VLOOKUP(BB$2,$A4:$AA4,21,FALSE),0)+IFERROR(VLOOKUP(BB$2,$B4:$AB4,21,FALSE),0) -> 0 | BC4: =IFERROR(VLOOKUP(BC$2,$A4:$AA4,21,FALSE),0)+IFERROR(VLOOKUP(BC$2,$B4:$AB4,21,FALSE),0) -> 1.065 | BD4: =IFERROR(VLOOKUP(BD$2,$A4:$AA4,21,FALSE),0)+IFERROR(VLOOKUP(BD$2,$B4:$AB4,21,FALSE),0) -> 1 | BE4: =IFERROR(VLOOKUP(BE$2,$A4:$AA4,21,FALSE),0)+IFERROR(VLOOKUP(BE$2,$B4:$AB4,21,FALSE),0) -> 0 | BF4: =IFERROR(VLOOKUP(BF$2,$A4:$AA4,21,FALSE),0)+IFERROR(VLOOKUP(BF$2,$B4:$AB4,21,FALSE),0) -> 0 | BH4: =IFERROR(VLOOKUP(BH$2,$A4:$AA4,23,FALSE),0)+IFERROR(VLOOKUP(BH$2,$B4:$AB4,23,FALSE),0) -> 0 | BI4: =IFERROR(VLOOKUP(BI$2,$A4:$AA4,23,FALSE),0)+IFERROR(VLOOKUP(BI$2,$B4:$AB4,23,FALSE),0) -> 0 | BJ4: =IFERROR(VLOOKUP(BJ$2,$A4:$AA4,23,FALSE),0)+IFERROR(VLOOKUP(BJ$2,$B4:$AB4,23,FALSE),0) -> 0 | BK4: =IFERROR(VLOOKUP(BK$2,$A4:$AA4,23,FALSE),0)+IFERROR(VLOOKUP(BK$2,$B4:$AB4,23,FALSE),0) -> 0 | BL4: =IFERROR(VLOOKUP(BL$2,$A4:$AA4,23,FALSE),0)+IFERROR(VLOOKUP(BL$2,$B4:$AB4,23,FALSE),0) -> 27.76 | BM4: =IFERROR(VLOOKUP(BM$2,$A4:$AA4,23,FALSE),0)+IFERROR(VLOOKUP(BM$2,$B4:$AB4,23,FALSE),0) -> 22.68 | BN4: =IFERROR(VLOOKUP(BN$2,$A4:$AA4,23,FALSE),0)+IFERROR(VLOOKUP(BN$2,$B4:$AB4,23,FALSE),0) -> 0 | BO4: =IFERROR(VLOOKUP(BO$2,$A4:$AA4,23,FALSE),0)+IFERROR(VLOOKUP(BO$2,$B4:$AB4,23,FALSE),0) -> 0
A5: Clarence/Mike H | B5: Todd/Mike C | C5: 40.62 | D5: 40.83 | E5: 1 | F5: 0 | G5: 32.5 | H5: 39.55 | I5: 0 | J5: 1 | K5: =(C5+G5)/2 -> 36.56 | L5: =(D5+H5)/2 -> 40.19 | M5: 0.98 | N5: 0.69 | O5: 1 | P5: 0 | Q5: 1.24 | R5: 1.33 | S5: 0 | T5: 1 | U5: =(M5+Q5)/2 -> 1.11 | V5: =(N5+R5)/2 -> 1.01 | W5: 22.77 | X5: 23.76 | Y5: 0 | Z5: 1 | AA5: =E5+O5+Y5+S5+I5 -> 2 | AB5: =F5+P5+Z5+J5+T5 -> 3 | AD5: =IF(AA5+AB5 = 5, "Good", "ERROR") -> Good | AG5: =IFERROR(VLOOKUP(AG$2,$A5:$AA5,27,FALSE),0)+IFERROR(VLOOKUP(AG$2,$B5:$AB5,27,FALSE),0) -> 3 | AH5: =IFERROR(VLOOKUP(AH$2,$A5:$AA5,27,FALSE),0)+IFERROR(VLOOKUP(AH$2,$B5:$AB5,27,FALSE),0) -> 2 | AI5: =IFERROR(VLOOKUP(AI$2,$A5:$AA5,27,FALSE),0)+IFERROR(VLOOKUP(AI$2,$B5:$AB5,27,FALSE),0) -> 0 | AJ5: =IFERROR(VLOOKUP(AJ$2,$A5:$AA5,27,FALSE),0)+IFERROR(VLOOKUP(AJ$2,$B5:$AB5,27,FALSE),0) -> 0 | AK5: =IFERROR(VLOOKUP(AK$2,$A5:$AA5,27,FALSE),0)+IFERROR(VLOOKUP(AK$2,$B5:$AB5,27,FALSE),0) -> 0 | AL5: =IFERROR(VLOOKUP(AL$2,$A5:$AA5,27,FALSE),0)+IFERROR(VLOOKUP(AL$2,$B5:$AB5,27,FALSE),0) -> 0 | AM5: =IFERROR(VLOOKUP(AM$2,$A5:$AA5,27,FALSE),0)+IFERROR(VLOOKUP(AM$2,$B5:$AB5,27,FALSE),0) -> 0 | AN5: =IFERROR(VLOOKUP(AN$2,$A5:$AA5,27,FALSE),0)+IFERROR(VLOOKUP(AN$2,$B5:$AB5,27,FALSE),0) -> 0 | AO5: =IF(SUM(AG5:AN5) = 5, "Good", "ERROR") -> Good | AP5: =IFERROR(VLOOKUP(AP$2,$A5:$AA5,11,FALSE),0)+IFERROR(VLOOKUP(AP$2,$B5:$AB5,11,FALSE),0) -> 40.19 | AQ5: =IFERROR(VLOOKUP(AQ$2,$A5:$AA5,11,FALSE),0)+IFERROR(VLOOKUP(AQ$2,$B5:$AB5,11,FALSE),0) -> 36.56 | AR5: =IFERROR(VLOOKUP(AR$2,$A5:$AA5,11,FALSE),0)+IFERROR(VLOOKUP(AR$2,$B5:$AB5,11,FALSE),0) -> 0 | AS5: =IFERROR(VLOOKUP(AS$2,$A5:$AA5,11,FALSE),0)+IFERROR(VLOOKUP(AS$2,$B5:$AB5,11,FALSE),0) -> 0 | AT5: =IFERROR(VLOOKUP(AT$2,$A5:$AA5,11,FALSE),0)+IFERROR(VLOOKUP(AT$2,$B5:$AB5,11,FALSE),0) -> 0 | AU5: =IFERROR(VLOOKUP(AU$2,$A5:$AA5,11,FALSE),0)+IFERROR(VLOOKUP(AU$2,$B5:$AB5,11,FALSE),0) -> 0 | AV5: =IFERROR(VLOOKUP(AV$2,$A5:$AA5,11,FALSE),0)+IFERROR(VLOOKUP(AV$2,$B5:$AB5,11,FALSE),0) -> 0 | AW5: =IFERROR(VLOOKUP(AW$2,$A5:$AA5,11,FALSE),0)+IFERROR(VLOOKUP(AW$2,$B5:$AB5,11,FALSE),0) -> 0 | AY5: =IFERROR(VLOOKUP(AY$2,$A5:$AA5,21,FALSE),0)+IFERROR(VLOOKUP(AY$2,$B5:$AB5,21,FALSE),0) -> 1.01 | AZ5: =IFERROR(VLOOKUP(AZ$2,$A5:$AA5,21,FALSE),0)+IFERROR(VLOOKUP(AZ$2,$B5:$AB5,21,FALSE),0) -> 1.11 | BA5: =IFERROR(VLOOKUP(BA$2,$A5:$AA5,21,FALSE),0)+IFERROR(VLOOKUP(BA$2,$B5:$AB5,21,FALSE),0) -> 0 | BB5: =IFERROR(VLOOKUP(BB$2,$A5:$AA5,21,FALSE),0)+IFERROR(VLOOKUP(BB$2,$B5:$AB5,21,FALSE),0) -> 0 | BC5: =IFERROR(VLOOKUP(BC$2,$A5:$AA5,21,FALSE),0)+IFERROR(VLOOKUP(BC$2,$B5:$AB5,21,FALSE),0) -> 0 | BD5: =IFERROR(VLOOKUP(BD$2,$A5:$AA5,21,FALSE),0)+IFERROR(VLOOKUP(BD$2,$B5:$AB5,21,FALSE),0) -> 0 | BE5: =IFERROR(VLOOKUP(BE$2,$A5:$AA5,21,FALSE),0)+IFERROR(VLOOKUP(BE$2,$B5:$AB5,21,FALSE),0) -> 0 | BF5: =IFERROR(VLOOKUP(BF$2,$A5:$AA5,21,FALSE),0)+IFERROR(VLOOKUP(BF$2,$B5:$AB5,21,FALSE),0) -> 0 | BH5: =IFERROR(VLOOKUP(BH$2,$A5:$AA5,23,FALSE),0)+IFERROR(VLOOKUP(BH$2,$B5:$AB5,23,FALSE),0) -> 23.76 | BI5: =IFERROR(VLOOKUP(BI$2,$A5:$AA5,23,FALSE),0)+IFERROR(VLOOKUP(BI$2,$B5:$AB5,23,FALSE),0) -> 22.77 | BJ5: =IFERROR(VLOOKUP(BJ$2,$A5:$AA5,23,FALSE),0)+IFERROR(VLOOKUP(BJ$2,$B5:$AB5,23,FALSE),0) -> 0 | BK5: =IFERROR(VLOOKUP(BK$2,$A5:$AA5,23,FALSE),0)+IFERROR(VLOOKUP(BK$2,$B5:$AB5,23,FALSE),0) -> 0 | BL5: =IFERROR(VLOOKUP(BL$2,$A5:$AA5,23,FALSE),0)+IFERROR(VLOOKUP(BL$2,$B5:$AB5,23,FALSE),0) -> 0 | BM5: =IFERROR(VLOOKUP(BM$2,$A5:$AA5,23,FALSE),0)+IFERROR(VLOOKUP(BM$2,$B5:$AB5,23,FALSE),0) -> 0 | BN5: =IFERROR(VLOOKUP(BN$2,$A5:$AA5,23,FALSE),0)+IFERROR(VLOOKUP(BN$2,$B5:$AB5,23,FALSE),0) -> 0 | BO5: =IFERROR(VLOOKUP(BO$2,$A5:$AA5,23,FALSE),0)+IFERROR(VLOOKUP(BO$2,$B5:$AB5,23,FALSE),0) -> 0
A6: Kevin/Paul | B6: Jason/Mike A | C6: 32.7 | D6: 31.8 | E6: 1 | F6: 0 | G6: 39.1 | H6: 39.1 | I6: 0 | J6: 1 | K6: =(C6+G6)/2 -> 35.9 | L6: =(D6+H6)/2 -> 35.45 | M6: 1.3 | N6: 1.3 | O6: 0 | P6: 1 | Q6: 1.5 | R6: 1.5 | S6: 1 | T6: 0 | U6: =(M6+Q6)/2 -> 1.4 | V6: =(N6+R6)/2 -> 1.4 | W6: 11 | X6: 10.8 | Y6: 0 | Z6: 1 | AA6: =E6+O6+Y6+S6+I6 -> 2 | AB6: =F6+P6+Z6+J6+T6 -> 3 | AD6: =IF(AA6+AB6 = 5, "Good", "ERROR") -> Good | AG6: =IFERROR(VLOOKUP(AG$2,$A6:$AA6,27,FALSE),0)+IFERROR(VLOOKUP(AG$2,$B6:$AB6,27,FALSE),0) -> 0 | AH6: =IFERROR(VLOOKUP(AH$2,$A6:$AA6,27,FALSE),0)+IFERROR(VLOOKUP(AH$2,$B6:$AB6,27,FALSE),0) -> 0 | AI6: =IFERROR(VLOOKUP(AI$2,$A6:$AA6,27,FALSE),0)+IFERROR(VLOOKUP(AI$2,$B6:$AB6,27,FALSE),0) -> 3 | AJ6: =IFERROR(VLOOKUP(AJ$2,$A6:$AA6,27,FALSE),0)+IFERROR(VLOOKUP(AJ$2,$B6:$AB6,27,FALSE),0) -> 2 | AK6: =IFERROR(VLOOKUP(AK$2,$A6:$AA6,27,FALSE),0)+IFERROR(VLOOKUP(AK$2,$B6:$AB6,27,FALSE),0) -> 0 | AL6: =IFERROR(VLOOKUP(AL$2,$A6:$AA6,27,FALSE),0)+IFERROR(VLOOKUP(AL$2,$B6:$AB6,27,FALSE),0) -> 0 | AM6: =IFERROR(VLOOKUP(AM$2,$A6:$AA6,27,FALSE),0)+IFERROR(VLOOKUP(AM$2,$B6:$AB6,27,FALSE),0) -> 0 | AN6: =IFERROR(VLOOKUP(AN$2,$A6:$AA6,27,FALSE),0)+IFERROR(VLOOKUP(AN$2,$B6:$AB6,27,FALSE),0) -> 0 | AO6: =IF(SUM(AG6:AN6) = 5, "Good", "ERROR") -> Good | AP6: =IFERROR(VLOOKUP(AP$2,$A6:$AA6,11,FALSE),0)+IFERROR(VLOOKUP(AP$2,$B6:$AB6,11,FALSE),0) -> 0 | AQ6: =IFERROR(VLOOKUP(AQ$2,$A6:$AA6,11,FALSE),0)+IFERROR(VLOOKUP(AQ$2,$B6:$AB6,11,FALSE),0) -> 0 | AR6: =IFERROR(VLOOKUP(AR$2,$A6:$AA6,11,FALSE),0)+IFERROR(VLOOKUP(AR$2,$B6:$AB6,11,FALSE),0) -> 35.45 | AS6: =IFERROR(VLOOKUP(AS$2,$A6:$AA6,11,FALSE),0)+IFERROR(VLOOKUP(AS$2,$B6:$AB6,11,FALSE),0) -> 35.9 | AT6: =IFERROR(VLOOKUP(AT$2,$A6:$AA6,11,FALSE),0)+IFERROR(VLOOKUP(AT$2,$B6:$AB6,11,FALSE),0) -> 0 | AU6: =IFERROR(VLOOKUP(AU$2,$A6:$AA6,11,FALSE),0)+IFERROR(VLOOKUP(AU$2,$B6:$AB6,11,FALSE),0) -> 0 | AV6: =IFERROR(VLOOKUP(AV$2,$A6:$AA6,11,FALSE),0)+IFERROR(VLOOKUP(AV$2,$B6:$AB6,11,FALSE),0) -> 0 | AW6: =IFERROR(VLOOKUP(AW$2,$A6:$AA6,11,FALSE),0)+IFERROR(VLOOKUP(AW$2,$B6:$AB6,11,FALSE),0) -> 0 | AY6: =IFERROR(VLOOKUP(AY$2,$A6:$AA6,21,FALSE),0)+IFERROR(VLOOKUP(AY$2,$B6:$AB6,21,FALSE),0) -> 0 | AZ6: =IFERROR(VLOOKUP(AZ$2,$A6:$AA6,21,FALSE),0)+IFERROR(VLOOKUP(AZ$2,$B6:$AB6,21,FALSE),0) -> 0 | BA6: =IFERROR(VLOOKUP(BA$2,$A6:$AA6,21,FALSE),0)+IFERROR(VLOOKUP(BA$2,$B6:$AB6,21,FALSE),0) -> 1.4 | BB6: =IFERROR(VLOOKUP(BB$2,$A6:$AA6,21,FALSE),0)+IFERROR(VLOOKUP(BB$2,$B6:$AB6,21,FALSE),0) -> 1.4 | BC6: =IFERROR(VLOOKUP(BC$2,$A6:$AA6,21,FALSE),0)+IFERROR(VLOOKUP(BC$2,$B6:$AB6,21,FALSE),0) -> 0 | BD6: =IFERROR(VLOOKUP(BD$2,$A6:$AA6,21,FALSE),0)+IFERROR(VLOOKUP(BD$2,$B6:$AB6,21,FALSE),0) -> 0 | BE6: =IFERROR(VLOOKUP(BE$2,$A6:$AA6,21,FALSE),0)+IFERROR(VLOOKUP(BE$2,$B6:$AB6,21,FALSE),0) -> 0 | BF6: =IFERROR(VLOOKUP(BF$2,$A6:$AA6,21,FALSE),0)+IFERROR(VLOOKUP(BF$2,$B6:$AB6,21,FALSE),0) -> 0 | BH6: =IFERROR(VLOOKUP(BH$2,$A6:$AA6,23,FALSE),0)+IFERROR(VLOOKUP(BH$2,$B6:$AB6,23,FALSE),0) -> 0 | BI6: =IFERROR(VLOOKUP(BI$2,$A6:$AA6,23,FALSE),0)+IFERROR(VLOOKUP(BI$2,$B6:$AB6,23,FALSE),0) -> 0 | BJ6: =IFERROR(VLOOKUP(BJ$2,$A6:$AA6,23,FALSE),0)+IFERROR(VLOOKUP(BJ$2,$B6:$AB6,23,FALSE),0) -> 10.8 | BK6: =IFERROR(VLOOKUP(BK$2,$A6:$AA6,23,FALSE),0)+IFERROR(VLOOKUP(BK$2,$B6:$AB6,23,FALSE),0) -> 11 | BL6: =IFERROR(VLOOKUP(BL$2,$A6:$AA6,23,FALSE),0)+IFERROR(VLOOKUP(BL$2,$B6:$AB6,23,FALSE),0) -> 0 | BM6: =IFERROR(VLOOKUP(BM$2,$A6:$AA6,23,FALSE),0)+IFERROR(VLOOKUP(BM$2,$B6:$AB6,23,FALSE),0) -> 0 | BN6: =IFERROR(VLOOKUP(BN$2,$A6:$AA6,23,FALSE),0)+IFERROR(VLOOKUP(BN$2,$B6:$AB6,23,FALSE),0) -> 0 | BO6: =IFERROR(VLOOKUP(BO$2,$A6:$AA6,23,FALSE),0)+IFERROR(VLOOKUP(BO$2,$B6:$AB6,23,FALSE),0) -> 0
A7: Jason/Mike A | B7: Todd/Mike C | C7: 39.55 | D7: 36.23 | E7: 1 | F7: 0 | G7: 20.04 | H7: 20.79 | I7: 1 | J7: 0 | K7: =(C7+G7)/2 -> 29.795 | L7: =(D7+H7)/2 -> 28.51 | M7: 0.93 | N7: 0.88 | O7: 1 | P7: 0 | Q7: 1.12 | R7: 1.76 | S7: 0 | T7: 1 | U7: =(M7+Q7)/2 -> 1.025 | V7: =(N7+R7)/2 -> 1.32 | W7: 39.26 | X7: 39.86 | Y7: 1 | Z7: 0 | AA7: =E7+O7+Y7+S7+I7 -> 4 | AB7: =F7+P7+Z7+J7+T7 -> 1 | AD7: =IF(AA7+AB7 = 5, "Good", "ERROR") -> Good | AG7: =IFERROR(VLOOKUP(AG$2,$A7:$AA7,27,FALSE),0)+IFERROR(VLOOKUP(AG$2,$B7:$AB7,27,FALSE),0) -> 1 | AH7: =IFERROR(VLOOKUP(AH$2,$A7:$AA7,27,FALSE),0)+IFERROR(VLOOKUP(AH$2,$B7:$AB7,27,FALSE),0) -> 0 | AI7: =IFERROR(VLOOKUP(AI$2,$A7:$AA7,27,FALSE),0)+IFERROR(VLOOKUP(AI$2,$B7:$AB7,27,FALSE),0) -> 4 | AJ7: =IFERROR(VLOOKUP(AJ$2,$A7:$AA7,27,FALSE),0)+IFERROR(VLOOKUP(AJ$2,$B7:$AB7,27,FALSE),0) -> 0 | AK7: =IFERROR(VLOOKUP(AK$2,$A7:$AA7,27,FALSE),0)+IFERROR(VLOOKUP(AK$2,$B7:$AB7,27,FALSE),0) -> 0 | AL7: =IFERROR(VLOOKUP(AL$2,$A7:$AA7,27,FALSE),0)+IFERROR(VLOOKUP(AL$2,$B7:$AB7,27,FALSE),0) -> 0 | AM7: =IFERROR(VLOOKUP(AM$2,$A7:$AA7,27,FALSE),0)+IFERROR(VLOOKUP(AM$2,$B7:$AB7,27,FALSE),0) -> 0 | AN7: =IFERROR(VLOOKUP(AN$2,$A7:$AA7,27,FALSE),0)+IFERROR(VLOOKUP(AN$2,$B7:$AB7,27,FALSE),0) -> 0 | AO7: =IF(SUM(AG7:AN7) = 5, "Good", "ERROR") -> Good | AP7: =IFERROR(VLOOKUP(AP$2,$A7:$AA7,11,FALSE),0)+IFERROR(VLOOKUP(AP$2,$B7:$AB7,11,FALSE),0) -> 28.51 | AQ7: =IFERROR(VLOOKUP(AQ$2,$A7:$AA7,11,FALSE),0)+IFERROR(VLOOKUP(AQ$2,$B7:$AB7,11,FALSE),0) -> 0 | AR7: =IFERROR(VLOOKUP(AR$2,$A7:$AA7,11,FALSE),0)+IFERROR(VLOOKUP(AR$2,$B7:$AB7,11,FALSE),0) -> 29.795 | AS7: =IFERROR(VLOOKUP(AS$2,$A7:$AA7,11,FALSE),0)+IFERROR(VLOOKUP(AS$2,$B7:$AB7,11,FALSE),0) -> 0 | AT7: =IFERROR(VLOOKUP(AT$2,$A7:$AA7,11,FALSE),0)+IFERROR(VLOOKUP(AT$2,$B7:$AB7,11,FALSE),0) -> 0 | AU7: =IFERROR(VLOOKUP(AU$2,$A7:$AA7,11,FALSE),0)+IFERROR(VLOOKUP(AU$2,$B7:$AB7,11,FALSE),0) -> 0 | AV7: =IFERROR(VLOOKUP(AV$2,$A7:$AA7,11,FALSE),0)+IFERROR(VLOOKUP(AV$2,$B7:$AB7,11,FALSE),0) -> 0 | AW7: =IFERROR(VLOOKUP(AW$2,$A7:$AA7,11,FALSE),0)+IFERROR(VLOOKUP(AW$2,$B7:$AB7,11,FALSE),0) -> 0 | AY7: =IFERROR(VLOOKUP(AY$2,$A7:$AA7,21,FALSE),0)+IFERROR(VLOOKUP(AY$2,$B7:$AB7,21,FALSE),0) -> 1.32 | AZ7: =IFERROR(VLOOKUP(AZ$2,$A7:$AA7,21,FALSE),0)+IFERROR(VLOOKUP(AZ$2,$B7:$AB7,21,FALSE),0) -> 0 | BA7: =IFERROR(VLOOKUP(BA$2,$A7:$AA7,21,FALSE),0)+IFERROR(VLOOKUP(BA$2,$B7:$AB7,21,FALSE),0) -> 1.025 | BB7: =IFERROR(VLOOKUP(BB$2,$A7:$AA7,21,FALSE),0)+IFERROR(VLOOKUP(BB$2,$B7:$AB7,21,FALSE),0) -> 0 | BC7: =IFERROR(VLOOKUP(BC$2,$A7:$AA7,21,FALSE),0)+IFERROR(VLOOKUP(BC$2,$B7:$AB7,21,FALSE),0) -> 0 | BD7: =IFERROR(VLOOKUP(BD$2,$A7:$AA7,21,FALSE),0)+IFERROR(VLOOKUP(BD$2,$B7:$AB7,21,FALSE),0) -> 0 | BE7: =IFERROR(VLOOKUP(BE$2,$A7:$AA7,21,FALSE),0)+IFERROR(VLOOKUP(BE$2,$B7:$AB7,21,FALSE),0) -> 0 | BF7: =IFERROR(VLOOKUP(BF$2,$A7:$AA7,21,FALSE),0)+IFERROR(VLOOKUP(BF$2,$B7:$AB7,21,FALSE),0) -> 0 | BH7: =IFERROR(VLOOKUP(BH$2,$A7:$AA7,23,FALSE),0)+IFERROR(VLOOKUP(BH$2,$B7:$AB7,23,FALSE),0) -> 39.86 | BI7: =IFERROR(VLOOKUP(BI$2,$A7:$AA7,23,FALSE),0)+IFERROR(VLOOKUP(BI$2,$B7:$AB7,23,FALSE),0) -> 0 | BJ7: =IFERROR(VLOOKUP(BJ$2,$A7:$AA7,23,FALSE),0)+IFERROR(VLOOKUP(BJ$2,$B7:$AB7,23,FALSE),0) -> 39.26 | BK7: =IFERROR(VLOOKUP(BK$2,$A7:$AA7,23,FALSE),0)+IFERROR(VLOOKUP(BK$2,$B7:$AB7,23,FALSE),0) -> 0 | BL7: =IFERROR(VLOOKUP(BL$2,$A7:$AA7,23,FALSE),0)+IFERROR(VLOOKUP(BL$2,$B7:$AB7,23,FALSE),0) -> 0 | BM7: =IFERROR(VLOOKUP(BM$2,$A7:$AA7,23,FALSE),0)+IFERROR(VLOOKUP(BM$2,$B7:$AB7,23,FALSE),0) -> 0 | BN7: =IFERROR(VLOOKUP(BN$2,$A7:$AA7,23,FALSE),0)+IFERROR(VLOOKUP(BN$2,$B7:$AB7,23,FALSE),0) -> 0 | BO7: =IFERROR(VLOOKUP(BO$2,$A7:$AA7,23,FALSE),0)+IFERROR(VLOOKUP(BO$2,$B7:$AB7,23,FALSE),0) -> 0
A8: Kevin/Paul | B8: Clarence/Mike H | C8: 34.6 | D8: 33.4 | E8: 0 | F8: 1 | G8: 47 | H8: 43.3 | I8: 1 | J8: 0 | K8: =(C8+G8)/2 -> 40.8 | L8: =(D8+H8)/2 -> 38.35 | M8: 1.15 | N8: 1.19 | O8: 0 | P8: 1 | Q8: 1.67 | R8: 1.27 | S8: 1 | T8: 0 | U8: =(M8+Q8)/2 -> 1.41 | V8: =(N8+R8)/2 -> 1.23 | W8: 21.8 | X8: 23.8 | Y8: 0 | Z8: 1 | AA8: =E8+O8+Y8+S8+I8 -> 2 | AB8: =F8+P8+Z8+J8+T8 -> 3 | AD8: =IF(AA8+AB8 = 5, "Good", "ERROR") -> Good | AG8: =IFERROR(VLOOKUP(AG$2,$A8:$AA8,27,FALSE),0)+IFERROR(VLOOKUP(AG$2,$B8:$AB8,27,FALSE),0) -> 0 | AH8: =IFERROR(VLOOKUP(AH$2,$A8:$AA8,27,FALSE),0)+IFERROR(VLOOKUP(AH$2,$B8:$AB8,27,FALSE),0) -> 3 | AI8: =IFERROR(VLOOKUP(AI$2,$A8:$AA8,27,FALSE),0)+IFERROR(VLOOKUP(AI$2,$B8:$AB8,27,FALSE),0) -> 0 | AJ8: =IFERROR(VLOOKUP(AJ$2,$A8:$AA8,27,FALSE),0)+IFERROR(VLOOKUP(AJ$2,$B8:$AB8,27,FALSE),0) -> 2 | AK8: =IFERROR(VLOOKUP(AK$2,$A8:$AA8,27,FALSE),0)+IFERROR(VLOOKUP(AK$2,$B8:$AB8,27,FALSE),0) -> 0 | AL8: =IFERROR(VLOOKUP(AL$2,$A8:$AA8,27,FALSE),0)+IFERROR(VLOOKUP(AL$2,$B8:$AB8,27,FALSE),0) -> 0 | AM8: =IFERROR(VLOOKUP(AM$2,$A8:$AA8,27,FALSE),0)+IFERROR(VLOOKUP(AM$2,$B8:$AB8,27,FALSE),0) -> 0 | AN8: =IFERROR(VLOOKUP(AN$2,$A8:$AA8,27,FALSE),0)+IFERROR(VLOOKUP(AN$2,$B8:$AB8,27,FALSE),0) -> 0 | AO8: =IF(SUM(AG8:AN8) = 5, "Good", "ERROR") -> Good | AP8: =IFERROR(VLOOKUP(AP$2,$A8:$AA8,11,FALSE),0)+IFERROR(VLOOKUP(AP$2,$B8:$AB8,11,FALSE),0) -> 0 | AQ8: =IFERROR(VLOOKUP(AQ$2,$A8:$AA8,11,FALSE),0)+IFERROR(VLOOKUP(AQ$2,$B8:$AB8,11,FALSE),0) -> 38.35 | AR8: =IFERROR(VLOOKUP(AR$2,$A8:$AA8,11,FALSE),0)+IFERROR(VLOOKUP(AR$2,$B8:$AB8,11,FALSE),0) -> 0 | AS8: =IFERROR(VLOOKUP(AS$2,$A8:$AA8,11,FALSE),0)+IFERROR(VLOOKUP(AS$2,$B8:$AB8,11,FALSE),0) -> 40.8 | AT8: =IFERROR(VLOOKUP(AT$2,$A8:$AA8,11,FALSE),0)+IFERROR(VLOOKUP(AT$2,$B8:$AB8,11,FALSE),0) -> 0 | AU8: =IFERROR(VLOOKUP(AU$2,$A8:$AA8,11,FALSE),0)+IFERROR(VLOOKUP(AU$2,$B8:$AB8,11,FALSE),0) -> 0 | AV8: =IFERROR(VLOOKUP(AV$2,$A8:$AA8,11,FALSE),0)+IFERROR(VLOOKUP(AV$2,$B8:$AB8,11,FALSE),0) -> 0 | AW8: =IFERROR(VLOOKUP(AW$2,$A8:$AA8,11,FALSE),0)+IFERROR(VLOOKUP(AW$2,$B8:$AB8,11,FALSE),0) -> 0 | AY8: =IFERROR(VLOOKUP(AY$2,$A8:$AA8,21,FALSE),0)+IFERROR(VLOOKUP(AY$2,$B8:$AB8,21,FALSE),0) -> 0 | AZ8: =IFERROR(VLOOKUP(AZ$2,$A8:$AA8,21,FALSE),0)+IFERROR(VLOOKUP(AZ$2,$B8:$AB8,21,FALSE),0) -> 1.23 | BA8: =IFERROR(VLOOKUP(BA$2,$A8:$AA8,21,FALSE),0)+IFERROR(VLOOKUP(BA$2,$B8:$AB8,21,FALSE),0) -> 0 | BB8: =IFERROR(VLOOKUP(BB$2,$A8:$AA8,21,FALSE),0)+IFERROR(VLOOKUP(BB$2,$B8:$AB8,21,FALSE),0) -> 1.41 | BC8: =IFERROR(VLOOKUP(BC$2,$A8:$AA8,21,FALSE),0)+IFERROR(VLOOKUP(BC$2,$B8:$AB8,21,FALSE),0) -> 0 | BD8: =IFERROR(VLOOKUP(BD$2,$A8:$AA8,21,FALSE),0)+IFERROR(VLOOKUP(BD$2,$B8:$AB8,21,FALSE),0) -> 0 | BE8: =IFERROR(VLOOKUP(BE$2,$A8:$AA8,21,FALSE),0)+IFERROR(VLOOKUP(BE$2,$B8:$AB8,21,FALSE),0) -> 0 | BF8: =IFERROR(VLOOKUP(BF$2,$A8:$AA8,21,FALSE),0)+IFERROR(VLOOKUP(BF$2,$B8:$AB8,21,FALSE),0) -> 0 | BH8: =IFERROR(VLOOKUP(BH$2,$A8:$AA8,23,FALSE),0)+IFERROR(VLOOKUP(BH$2,$B8:$AB8,23,FALSE),0) -> 0 | BI8: =IFERROR(VLOOKUP(BI$2,$A8:$AA8,23,FALSE),0)+IFERROR(VLOOKUP(BI$2,$B8:$AB8,23,FALSE),0) -> 23.8 | BJ8: =IFERROR(VLOOKUP(BJ$2,$A8:$AA8,23,FALSE),0)+IFERROR(VLOOKUP(BJ$2,$B8:$AB8,23,FALSE),0) -> 0 | BK8: =IFERROR(VLOOKUP(BK$2,$A8:$AA8,23,FALSE),0)+IFERROR(VLOOKUP(BK$2,$B8:$AB8,23,FALSE),0) -> 21.8 | BL8: =IFERROR(VLOOKUP(BL$2,$A8:$AA8,23,FALSE),0)+IFERROR(VLOOKUP(BL$2,$B8:$AB8,23,FALSE),0) -> 0 | BM8: =IFERROR(VLOOKUP(BM$2,$A8:$AA8,23,FALSE),0)+IFERROR(VLOOKUP(BM$2,$B8:$AB8,23,FALSE),0) -> 0 | BN8: =IFERROR(VLOOKUP(BN$2,$A8:$AA8,23,FALSE),0)+IFERROR(VLOOKUP(BN$2,$B8:$AB8,23,FALSE),0) -> 0 | BO8: =IFERROR(VLOOKUP(BO$2,$A8:$AA8,23,FALSE),0)+IFERROR(VLOOKUP(BO$2,$B8:$AB8,23,FALSE),0) -> 0
A9: Daniel/David | B9: Tayven/Tony | C9: 41.6 | D9: 46.8 | E9: 0 | F9: 1 | G9: 38.5 | H9: 44.3 | I9: 1 | J9: 0 | K9: =(C9+G9)/2 -> 40.05 | L9: =(D9+H9)/2 -> 45.55 | M9: 1.16 | N9: 1.12 | O9: 1 | P9: 0 | Q9: 1.42 | R9: 1.25 | S9: 1 | T9: 0 | U9: =(M9+Q9)/2 -> 1.29 | V9: =(N9+R9)/2 -> 1.185 | W9: 29.3 | X9: 29.1 | Y9: 0 | Z9: 1 | AA9: =E9+O9+Y9+S9+I9 -> 3 | AB9: =F9+P9+Z9+J9+T9 -> 2 | AD9: =IF(AA9+AB9 = 5, "Good", "ERROR") -> Good | AG9: =IFERROR(VLOOKUP(AG$2,$A9:$AA9,27,FALSE),0)+IFERROR(VLOOKUP(AG$2,$B9:$AB9,27,FALSE),0) -> 0 | AH9: =IFERROR(VLOOKUP(AH$2,$A9:$AA9,27,FALSE),0)+IFERROR(VLOOKUP(AH$2,$B9:$AB9,27,FALSE),0) -> 0 | AI9: =IFERROR(VLOOKUP(AI$2,$A9:$AA9,27,FALSE),0)+IFERROR(VLOOKUP(AI$2,$B9:$AB9,27,FALSE),0) -> 0 | AJ9: =IFERROR(VLOOKUP(AJ$2,$A9:$AA9,27,FALSE),0)+IFERROR(VLOOKUP(AJ$2,$B9:$AB9,27,FALSE),0) -> 0 | AK9: =IFERROR(VLOOKUP(AK$2,$A9:$AA9,27,FALSE),0)+IFERROR(VLOOKUP(AK$2,$B9:$AB9,27,FALSE),0) -> 0 | AL9: =IFERROR(VLOOKUP(AL$2,$A9:$AA9,27,FALSE),0)+IFERROR(VLOOKUP(AL$2,$B9:$AB9,27,FALSE),0) -> 2 | AM9: =IFERROR(VLOOKUP(AM$2,$A9:$AA9,27,FALSE),0)+IFERROR(VLOOKUP(AM$2,$B9:$AB9,27,FALSE),0) -> 0 | AN9: =IFERROR(VLOOKUP(AN$2,$A9:$AA9,27,FALSE),0)+IFERROR(VLOOKUP(AN$2,$B9:$AB9,27,FALSE),0) -> 3 | AO9: =IF(SUM(AG9:AN9) = 5, "Good", "ERROR") -> Good | AP9: =IFERROR(VLOOKUP(AP$2,$A9:$AA9,11,FALSE),0)+IFERROR(VLOOKUP(AP$2,$B9:$AB9,11,FALSE),0) -> 0 | AQ9: =IFERROR(VLOOKUP(AQ$2,$A9:$AA9,11,FALSE),0)+IFERROR(VLOOKUP(AQ$2,$B9:$AB9,11,FALSE),0) -> 0 | AR9: =IFERROR(VLOOKUP(AR$2,$A9:$AA9,11,FALSE),0)+IFERROR(VLOOKUP(AR$2,$B9:$AB9,11,FALSE),0) -> 0 | AS9: =IFERROR(VLOOKUP(AS$2,$A9:$AA9,11,FALSE),0)+IFERROR(VLOOKUP(AS$2,$B9:$AB9,11,FALSE),0) -> 0 | AT9: =IFERROR(VLOOKUP(AT$2,$A9:$AA9,11,FALSE),0)+IFERROR(VLOOKUP(AT$2,$B9:$AB9,11,FALSE),0) -> 0 | AU9: =IFERROR(VLOOKUP(AU$2,$A9:$AA9,11,FALSE),0)+IFERROR(VLOOKUP(AU$2,$B9:$AB9,11,FALSE),0) -> 45.55 | AV9: =IFERROR(VLOOKUP(AV$2,$A9:$AA9,11,FALSE),0)+IFERROR(VLOOKUP(AV$2,$B9:$AB9,11,FALSE),0) -> 0 | AW9: =IFERROR(VLOOKUP(AW$2,$A9:$AA9,11,FALSE),0)+IFERROR(VLOOKUP(AW$2,$B9:$AB9,11,FALSE),0) -> 40.05 | AY9: =IFERROR(VLOOKUP(AY$2,$A9:$AA9,21,FALSE),0)+IFERROR(VLOOKUP(AY$2,$B9:$AB9,21,FALSE),0) -> 0 | AZ9: =IFERROR(VLOOKUP(AZ$2,$A9:$AA9,21,FALSE),0)+IFERROR(VLOOKUP(AZ$2,$B9:$AB9,21,FALSE),0) -> 0 | BA9: =IFERROR(VLOOKUP(BA$2,$A9:$AA9,21,FALSE),0)+IFERROR(VLOOKUP(BA$2,$B9:$AB9,21,FALSE),0) -> 0 | BB9: =IFERROR(VLOOKUP(BB$2,$A9:$AA9,21,FALSE),0)+IFERROR(VLOOKUP(BB$2,$B9:$AB9,21,FALSE),0) -> 0 | BC9: =IFERROR(VLOOKUP(BC$2,$A9:$AA9,21,FALSE),0)+IFERROR(VLOOKUP(BC$2,$B9:$AB9,21,FALSE),0) -> 0 | BD9: =IFERROR(VLOOKUP(BD$2,$A9:$AA9,21,FALSE),0)+IFERROR(VLOOKUP(BD$2,$B9:$AB9,21,FALSE),0) -> 1.185 | BE9: =IFERROR(VLOOKUP(BE$2,$A9:$AA9,21,FALSE),0)+IFERROR(VLOOKUP(BE$2,$B9:$AB9,21,FALSE),0) -> 0 | BF9: =IFERROR(VLOOKUP(BF$2,$A9:$AA9,21,FALSE),0)+IFERROR(VLOOKUP(BF$2,$B9:$AB9,21,FALSE),0) -> 1.29 | BH9: =IFERROR(VLOOKUP(BH$2,$A9:$AA9,23,FALSE),0)+IFERROR(VLOOKUP(BH$2,$B9:$AB9,23,FALSE),0) -> 0 | BI9: =IFERROR(VLOOKUP(BI$2,$A9:$AA9,23,FALSE),0)+IFERROR(VLOOKUP(BI$2,$B9:$AB9,23,FALSE),0) -> 0 | BJ9: =IFERROR(VLOOKUP(BJ$2,$A9:$AA9,23,FALSE),0)+IFERROR(VLOOKUP(BJ$2,$B9:$AB9,23,FALSE),0) -> 0 | BK9: =IFERROR(VLOOKUP(BK$2,$A9:$AA9,23,FALSE),0)+IFERROR(VLOOKUP(BK$2,$B9:$AB9,23,FALSE),0) -> 0 | BL9: =IFERROR(VLOOKUP(BL$2,$A9:$AA9,23,FALSE),0)+IFERROR(VLOOKUP(BL$2,$B9:$AB9,23,FALSE),0) -> 0 | BM9: =IFERROR(VLOOKUP(BM$2,$A9:$AA9,23,FALSE),0)+IFERROR(VLOOKUP(BM$2,$B9:$AB9,23,FALSE),0) -> 29.1 | BN9: =IFERROR(VLOOKUP(BN$2,$A9:$AA9,23,FALSE),0)+IFERROR(VLOOKUP(BN$2,$B9:$AB9,23,FALSE),0) -> 0 | BO9: =IFERROR(VLOOKUP(BO$2,$A9:$AA9,23,FALSE),0)+IFERROR(VLOOKUP(BO$2,$B9:$AB9,23,FALSE),0) -> 29.3
A10: Brian/Olver | B10: Mark/Neil | C10: 32.6 | D10: 37.6 | E10: 0 | F10: 1 | G10: 43.1 | H10: 48.5 | I10: 0 | J10: 1 | K10: =(C10+G10)/2 -> 37.85 | L10: =(D10+H10)/2 -> 43.05 | M10: 1.42 | N10: 1.6 | O10: 0 | P10: 1 | Q10: 0.73 | R10: 0.93 | S10: 0 | T10: 1 | U10: =(M10+Q10)/2 -> 1.075 | V10: =(N10+R10)/2 -> 1.265 | W10: 17.4 | X10: 16.3 | Y10: 1 | Z10: 0 | AA10: =E10+O10+Y10+S10+I10 -> 1 | AB10: =F10+P10+Z10+J10+T10 -> 4 | AD10: =IF(AA10+AB10 = 5, "Good", "ERROR") -> Good | AG10: =IFERROR(VLOOKUP(AG$2,$A10:$AA10,27,FALSE),0)+IFERROR(VLOOKUP(AG$2,$B10:$AB10,27,FALSE),0) -> 0 | AH10: =IFERROR(VLOOKUP(AH$2,$A10:$AA10,27,FALSE),0)+IFERROR(VLOOKUP(AH$2,$B10:$AB10,27,FALSE),0) -> 0 | AI10: =IFERROR(VLOOKUP(AI$2,$A10:$AA10,27,FALSE),0)+IFERROR(VLOOKUP(AI$2,$B10:$AB10,27,FALSE),0) -> 0 | AJ10: =IFERROR(VLOOKUP(AJ$2,$A10:$AA10,27,FALSE),0)+IFERROR(VLOOKUP(AJ$2,$B10:$AB10,27,FALSE),0) -> 0 | AK10: =IFERROR(VLOOKUP(AK$2,$A10:$AA10,27,FALSE),0)+IFERROR(VLOOKUP(AK$2,$B10:$AB10,27,FALSE),0) -> 4 | AL10: =IFERROR(VLOOKUP(AL$2,$A10:$AA10,27,FALSE),0)+IFERROR(VLOOKUP(AL$2,$B10:$AB10,27,FALSE),0) -> 0 | AM10: =IFERROR(VLOOKUP(AM$2,$A10:$AA10,27,FALSE),0)+IFERROR(VLOOKUP(AM$2,$B10:$AB10,27,FALSE),0) -> 1 | AN10: =IFERROR(VLOOKUP(AN$2,$A10:$AA10,27,FALSE),0)+IFERROR(VLOOKUP(AN$2,$B10:$AB10,27,FALSE),0) -> 0 | AO10: =IF(SUM(AG10:AN10) = 5, "Good", "ERROR") -> Good | AP10: =IFERROR(VLOOKUP(AP$2,$A10:$AA10,11,FALSE),0)+IFERROR(VLOOKUP(AP$2,$B10:$AB10,11,FALSE),0) -> 0 | AQ10: =IFERROR(VLOOKUP(AQ$2,$A10:$AA10,11,FALSE),0)+IFERROR(VLOOKUP(AQ$2,$B10:$AB10,11,FALSE),0) -> 0 | AR10: =IFERROR(VLOOKUP(AR$2,$A10:$AA10,11,FALSE),0)+IFERROR(VLOOKUP(AR$2,$B10:$AB10,11,FALSE),0) -> 0 | AS10: =IFERROR(VLOOKUP(AS$2,$A10:$AA10,11,FALSE),0)+IFERROR(VLOOKUP(AS$2,$B10:$AB10,11,FALSE),0) -> 0 | AT10: =IFERROR(VLOOKUP(AT$2,$A10:$AA10,11,FALSE),0)+IFERROR(VLOOKUP(AT$2,$B10:$AB10,11,FALSE),0) -> 43.05 | AU10: =IFERROR(VLOOKUP(AU$2,$A10:$AA10,11,FALSE),0)+IFERROR(VLOOKUP(AU$2,$B10:$AB10,11,FALSE),0) -> 0 | AV10: =IFERROR(VLOOKUP(AV$2,$A10:$AA10,11,FALSE),0)+IFERROR(VLOOKUP(AV$2,$B10:$AB10,11,FALSE),0) -> 37.85 | AW10: =IFERROR(VLOOKUP(AW$2,$A10:$AA10,11,FALSE),0)+IFERROR(VLOOKUP(AW$2,$B10:$AB10,11,FALSE),0) -> 0 | AY10: =IFERROR(VLOOKUP(AY$2,$A10:$AA10,21,FALSE),0)+IFERROR(VLOOKUP(AY$2,$B10:$AB10,21,FALSE),0) -> 0 | AZ10: =IFERROR(VLOOKUP(AZ$2,$A10:$AA10,21,FALSE),0)+IFERROR(VLOOKUP(AZ$2,$B10:$AB10,21,FALSE),0) -> 0 | BA10: =IFERROR(VLOOKUP(BA$2,$A10:$AA10,21,FALSE),0)+IFERROR(VLOOKUP(BA$2,$B10:$AB10,21,FALSE),0) -> 0 | BB10: =IFERROR(VLOOKUP(BB$2,$A10:$AA10,21,FALSE),0)+IFERROR(VLOOKUP(BB$2,$B10:$AB10,21,FALSE),0) -> 0 | BC10: =IFERROR(VLOOKUP(BC$2,$A10:$AA10,21,FALSE),0)+IFERROR(VLOOKUP(BC$2,$B10:$AB10,21,FALSE),0) -> 1.265 | BD10: =IFERROR(VLOOKUP(BD$2,$A10:$AA10,21,FALSE),0)+IFERROR(VLOOKUP(BD$2,$B10:$AB10,21,FALSE),0) -> 0 | BE10: =IFERROR(VLOOKUP(BE$2,$A10:$AA10,21,FALSE),0)+IFERROR(VLOOKUP(BE$2,$B10:$AB10,21,FALSE),0) -> 1.075 | BF10: =IFERROR(VLOOKUP(BF$2,$A10:$AA10,21,FALSE),0)+IFERROR(VLOOKUP(BF$2,$B10:$AB10,21,FALSE),0) -> 0 | BH10: =IFERROR(VLOOKUP(BH$2,$A10:$AA10,23,FALSE),0)+IFERROR(VLOOKUP(BH$2,$B10:$AB10,23,FALSE),0) -> 0 | BI10: =IFERROR(VLOOKUP(BI$2,$A10:$AA10,23,FALSE),0)+IFERROR(VLOOKUP(BI$2,$B10:$AB10,23,FALSE),0) -> 0 | BJ10: =IFERROR(VLOOKUP(BJ$2,$A10:$AA10,23,FALSE),0)+IFERROR(VLOOKUP(BJ$2,$B10:$AB10,23,FALSE),0) -> 0 | BK10: =IFERROR(VLOOKUP(BK$2,$A10:$AA10,23,FALSE),0)+IFERROR(VLOOKUP(BK$2,$B10:$AB10,23,FALSE),0) -> 0 | BL10: =IFERROR(VLOOKUP(BL$2,$A10:$AA10,23,FALSE),0)+IFERROR(VLOOKUP(BL$2,$B10:$AB10,23,FALSE),0) -> 16.3 | BM10: =IFERROR(VLOOKUP(BM$2,$A10:$AA10,23,FALSE),0)+IFERROR(VLOOKUP(BM$2,$B10:$AB10,23,FALSE),0) -> 0 | BN10: =IFERROR(VLOOKUP(BN$2,$A10:$AA10,23,FALSE),0)+IFERROR(VLOOKUP(BN$2,$B10:$AB10,23,FALSE),0) -> 17.4 | BO10: =IFERROR(VLOOKUP(BO$2,$A10:$AA10,23,FALSE),0)+IFERROR(VLOOKUP(BO$2,$B10:$AB10,23,FALSE),0) -> 0
A11: Tayven/Tony | B11: Clarence/Mike H | C11: 34.95 | D11: 25.5 | E11: 1 | F11: 0 | G11: 36.66 | H11: 35.5 | I11: 1 | J11: 0 | K11: =(C11+G11)/2 -> 35.805 | L11: =(D11+H11)/2 -> 30.5 | M11: 1.06 | N11: 1.21 | O11: 0 | P11: 1 | Q11: 1.27 | R11: 1 | S11: 1 | T11: 0 | U11: =(M11+Q11)/2 -> 1.165 | V11: =(N11+R11)/2 -> 1.105 | W11: 13.5 | X11: 13.18 | Y11: 0 | Z11: 1 | AA11: =E11+O11+Y11+S11+I11 -> 3 | AB11: =F11+P11+Z11+J11+T11 -> 2 | AD11: =IF(AA11+AB11 = 5, "Good", "ERROR") -> Good | AG11: =IFERROR(VLOOKUP(AG$2,$A11:$AA11,27,FALSE),0)+IFERROR(VLOOKUP(AG$2,$B11:$AB11,27,FALSE),0) -> 0 | AH11: =IFERROR(VLOOKUP(AH$2,$A11:$AA11,27,FALSE),0)+IFERROR(VLOOKUP(AH$2,$B11:$AB11,27,FALSE),0) -> 2 | AI11: =IFERROR(VLOOKUP(AI$2,$A11:$AA11,27,FALSE),0)+IFERROR(VLOOKUP(AI$2,$B11:$AB11,27,FALSE),0) -> 0 | AJ11: =IFERROR(VLOOKUP(AJ$2,$A11:$AA11,27,FALSE),0)+IFERROR(VLOOKUP(AJ$2,$B11:$AB11,27,FALSE),0) -> 0 | AK11: =IFERROR(VLOOKUP(AK$2,$A11:$AA11,27,FALSE),0)+IFERROR(VLOOKUP(AK$2,$B11:$AB11,27,FALSE),0) -> 0 | AL11: =IFERROR(VLOOKUP(AL$2,$A11:$AA11,27,FALSE),0)+IFERROR(VLOOKUP(AL$2,$B11:$AB11,27,FALSE),0) -> 3 | AM11: =IFERROR(VLOOKUP(AM$2,$A11:$AA11,27,FALSE),0)+IFERROR(VLOOKUP(AM$2,$B11:$AB11,27,FALSE),0) -> 0 | AN11: =IFERROR(VLOOKUP(AN$2,$A11:$AA11,27,FALSE),0)+IFERROR(VLOOKUP(AN$2,$B11:$AB11,27,FALSE),0) -> 0 | AO11: =IF(SUM(AG11:AN11) = 5, "Good", "ERROR") -> Good | AP11: =IFERROR(VLOOKUP(AP$2,$A11:$AA11,11,FALSE),0)+IFERROR(VLOOKUP(AP$2,$B11:$AB11,11,FALSE),0) -> 0 | AQ11: =IFERROR(VLOOKUP(AQ$2,$A11:$AA11,11,FALSE),0)+IFERROR(VLOOKUP(AQ$2,$B11:$AB11,11,FALSE),0) -> 30.5 | AR11: =IFERROR(VLOOKUP(AR$2,$A11:$AA11,11,FALSE),0)+IFERROR(VLOOKUP(AR$2,$B11:$AB11,11,FALSE),0) -> 0 | AS11: =IFERROR(VLOOKUP(AS$2,$A11:$AA11,11,FALSE),0)+IFERROR(VLOOKUP(AS$2,$B11:$AB11,11,FALSE),0) -> 0 | AT11: =IFERROR(VLOOKUP(AT$2,$A11:$AA11,11,FALSE),0)+IFERROR(VLOOKUP(AT$2,$B11:$AB11,11,FALSE),0) -> 0 | AU11: =IFERROR(VLOOKUP(AU$2,$A11:$AA11,11,FALSE),0)+IFERROR(VLOOKUP(AU$2,$B11:$AB11,11,FALSE),0) -> 35.805 | AV11: =IFERROR(VLOOKUP(AV$2,$A11:$AA11,11,FALSE),0)+IFERROR(VLOOKUP(AV$2,$B11:$AB11,11,FALSE),0) -> 0 | AW11: =IFERROR(VLOOKUP(AW$2,$A11:$AA11,11,FALSE),0)+IFERROR(VLOOKUP(AW$2,$B11:$AB11,11,FALSE),0) -> 0 | AY11: =IFERROR(VLOOKUP(AY$2,$A11:$AA11,21,FALSE),0)+IFERROR(VLOOKUP(AY$2,$B11:$AB11,21,FALSE),0) -> 0 | AZ11: =IFERROR(VLOOKUP(AZ$2,$A11:$AA11,21,FALSE),0)+IFERROR(VLOOKUP(AZ$2,$B11:$AB11,21,FALSE),0) -> 1.105 | BA11: =IFERROR(VLOOKUP(BA$2,$A11:$AA11,21,FALSE),0)+IFERROR(VLOOKUP(BA$2,$B11:$AB11,21,FALSE),0) -> 0 | BB11: =IFERROR(VLOOKUP(BB$2,$A11:$AA11,21,FALSE),0)+IFERROR(VLOOKUP(BB$2,$B11:$AB11,21,FALSE),0) -> 0 | BC11: =IFERROR(VLOOKUP(BC$2,$A11:$AA11,21,FALSE),0)+IFERROR(VLOOKUP(BC$2,$B11:$AB11,21,FALSE),0) -> 0 | BD11: =IFERROR(VLOOKUP(BD$2,$A11:$AA11,21,FALSE),0)+IFERROR(VLOOKUP(BD$2,$B11:$AB11,21,FALSE),0) -> 1.165 | BE11: =IFERROR(VLOOKUP(BE$2,$A11:$AA11,21,FALSE),0)+IFERROR(VLOOKUP(BE$2,$B11:$AB11,21,FALSE),0) -> 0 | BF11: =IFERROR(VLOOKUP(BF$2,$A11:$AA11,21,FALSE),0)+IFERROR(VLOOKUP(BF$2,$B11:$AB11,21,FALSE),0) -> 0 | BH11: =IFERROR(VLOOKUP(BH$2,$A11:$AA11,23,FALSE),0)+IFERROR(VLOOKUP(BH$2,$B11:$AB11,23,FALSE),0) -> 0 | BI11: =IFERROR(VLOOKUP(BI$2,$A11:$AA11,23,FALSE),0)+IFERROR(VLOOKUP(BI$2,$B11:$AB11,23,FALSE),0) -> 13.18 | BJ11: =IFERROR(VLOOKUP(BJ$2,$A11:$AA11,23,FALSE),0)+IFERROR(VLOOKUP(BJ$2,$B11:$AB11,23,FALSE),0) -> 0 | BK11: =IFERROR(VLOOKUP(BK$2,$A11:$AA11,23,FALSE),0)+IFERROR(VLOOKUP(BK$2,$B11:$AB11,23,FALSE),0) -> 0 | BL11: =IFERROR(VLOOKUP(BL$2,$A11:$AA11,23,FALSE),0)+IFERROR(VLOOKUP(BL$2,$B11:$AB11,23,FALSE),0) -> 0 | BM11: =IFERROR(VLOOKUP(BM$2,$A11:$AA11,23,FALSE),0)+IFERROR(VLOOKUP(BM$2,$B11:$AB11,23,FALSE),0) -> 13.5 | BN11: =IFERROR(VLOOKUP(BN$2,$A11:$AA11,23,FALSE),0)+IFERROR(VLOOKUP(BN$2,$B11:$AB11,23,FALSE),0) -> 0 | BO11: =IFERROR(VLOOKUP(BO$2,$A11:$AA11,23,FALSE),0)+IFERROR(VLOOKUP(BO$2,$B11:$AB11,23,FALSE),0) -> 0
A12: Jason/Mike A | B12: Brian/Olver | C12: 32.7 | D12: 30.31 | E12: 1 | F12: 0 | G12: 50.1 | H12: 43.8 | I12: 1 | J12: 0 | K12: =(C12+G12)/2 -> 41.4 | L12: =(D12+H12)/2 -> 37.055 | M12: 1.45 | N12: 0.86 | O12: 1 | P12: 0 | Q12: 1.5 | R12: 1.39 | S12: 1 | T12: 0 | U12: =(M12+Q12)/2 -> 1.475 | V12: =(N12+R12)/2 -> 1.125 | W12: 29.9 | X12: 28.22 | Y12: 0 | Z12: 1 | AA12: =E12+O12+Y12+S12+I12 -> 4 | AB12: =F12+P12+Z12+J12+T12 -> 1 | AD12: =IF(AA12+AB12 = 5, "Good", "ERROR") -> Good | AG12: =IFERROR(VLOOKUP(AG$2,$A12:$AA12,27,FALSE),0)+IFERROR(VLOOKUP(AG$2,$B12:$AB12,27,FALSE),0) -> 0 | AH12: =IFERROR(VLOOKUP(AH$2,$A12:$AA12,27,FALSE),0)+IFERROR(VLOOKUP(AH$2,$B12:$AB12,27,FALSE),0) -> 0 | AI12: =IFERROR(VLOOKUP(AI$2,$A12:$AA12,27,FALSE),0)+IFERROR(VLOOKUP(AI$2,$B12:$AB12,27,FALSE),0) -> 4 | AJ12: =IFERROR(VLOOKUP(AJ$2,$A12:$AA12,27,FALSE),0)+IFERROR(VLOOKUP(AJ$2,$B12:$AB12,27,FALSE),0) -> 0 | AK12: =IFERROR(VLOOKUP(AK$2,$A12:$AA12,27,FALSE),0)+IFERROR(VLOOKUP(AK$2,$B12:$AB12,27,FALSE),0) -> 0 | AL12: =IFERROR(VLOOKUP(AL$2,$A12:$AA12,27,FALSE),0)+IFERROR(VLOOKUP(AL$2,$B12:$AB12,27,FALSE),0) -> 0 | AM12: =IFERROR(VLOOKUP(AM$2,$A12:$AA12,27,FALSE),0)+IFERROR(VLOOKUP(AM$2,$B12:$AB12,27,FALSE),0) -> 1 | AN12: =IFERROR(VLOOKUP(AN$2,$A12:$AA12,27,FALSE),0)+IFERROR(VLOOKUP(AN$2,$B12:$AB12,27,FALSE),0) -> 0 | AO12: =IF(SUM(AG12:AN12) = 5, "Good", "ERROR") -> Good | AP12: =IFERROR(VLOOKUP(AP$2,$A12:$AA12,11,FALSE),0)+IFERROR(VLOOKUP(AP$2,$B12:$AB12,11,FALSE),0) -> 0 | AQ12: =IFERROR(VLOOKUP(AQ$2,$A12:$AA12,11,FALSE),0)+IFERROR(VLOOKUP(AQ$2,$B12:$AB12,11,FALSE),0) -> 0 | AR12: =IFERROR(VLOOKUP(AR$2,$A12:$AA12,11,FALSE),0)+IFERROR(VLOOKUP(AR$2,$B12:$AB12,11,FALSE),0) -> 41.4 | AS12: =IFERROR(VLOOKUP(AS$2,$A12:$AA12,11,FALSE),0)+IFERROR(VLOOKUP(AS$2,$B12:$AB12,11,FALSE),0) -> 0 | AT12: =IFERROR(VLOOKUP(AT$2,$A12:$AA12,11,FALSE),0)+IFERROR(VLOOKUP(AT$2,$B12:$AB12,11,FALSE),0) -> 0 | AU12: =IFERROR(VLOOKUP(AU$2,$A12:$AA12,11,FALSE),0)+IFERROR(VLOOKUP(AU$2,$B12:$AB12,11,FALSE),0) -> 0 | AV12: =IFERROR(VLOOKUP(AV$2,$A12:$AA12,11,FALSE),0)+IFERROR(VLOOKUP(AV$2,$B12:$AB12,11,FALSE),0) -> 37.055 | AW12: =IFERROR(VLOOKUP(AW$2,$A12:$AA12,11,FALSE),0)+IFERROR(VLOOKUP(AW$2,$B12:$AB12,11,FALSE),0) -> 0 | AY12: =IFERROR(VLOOKUP(AY$2,$A12:$AA12,21,FALSE),0)+IFERROR(VLOOKUP(AY$2,$B12:$AB12,21,FALSE),0) -> 0 | AZ12: =IFERROR(VLOOKUP(AZ$2,$A12:$AA12,21,FALSE),0)+IFERROR(VLOOKUP(AZ$2,$B12:$AB12,21,FALSE),0) -> 0 | BA12: =IFERROR(VLOOKUP(BA$2,$A12:$AA12,21,FALSE),0)+IFERROR(VLOOKUP(BA$2,$B12:$AB12,21,FALSE),0) -> 1.475 | BB12: =IFERROR(VLOOKUP(BB$2,$A12:$AA12,21,FALSE),0)+IFERROR(VLOOKUP(BB$2,$B12:$AB12,21,FALSE),0) -> 0 | BC12: =IFERROR(VLOOKUP(BC$2,$A12:$AA12,21,FALSE),0)+IFERROR(VLOOKUP(BC$2,$B12:$AB12,21,FALSE),0) -> 0 | BD12: =IFERROR(VLOOKUP(BD$2,$A12:$AA12,21,FALSE),0)+IFERROR(VLOOKUP(BD$2,$B12:$AB12,21,FALSE),0) -> 0 | BE12: =IFERROR(VLOOKUP(BE$2,$A12:$AA12,21,FALSE),0)+IFERROR(VLOOKUP(BE$2,$B12:$AB12,21,FALSE),0) -> 1.125 | BF12: =IFERROR(VLOOKUP(BF$2,$A12:$AA12,21,FALSE),0)+IFERROR(VLOOKUP(BF$2,$B12:$AB12,21,FALSE),0) -> 0 | BH12: =IFERROR(VLOOKUP(BH$2,$A12:$AA12,23,FALSE),0)+IFERROR(VLOOKUP(BH$2,$B12:$AB12,23,FALSE),0) -> 0 | BI12: =IFERROR(VLOOKUP(BI$2,$A12:$AA12,23,FALSE),0)+IFERROR(VLOOKUP(BI$2,$B12:$AB12,23,FALSE),0) -> 0 | BJ12: =IFERROR(VLOOKUP(BJ$2,$A12:$AA12,23,FALSE),0)+IFERROR(VLOOKUP(BJ$2,$B12:$AB12,23,FALSE),0) -> 29.9 | BK12: =IFERROR(VLOOKUP(BK$2,$A12:$AA12,23,FALSE),0)+IFERROR(VLOOKUP(BK$2,$B12:$AB12,23,FALSE),0) -> 0 | BL12: =IFERROR(VLOOKUP(BL$2,$A12:$AA12,23,FALSE),0)+IFERROR(VLOOKUP(BL$2,$B12:$AB12,23,FALSE),0) -> 0 | BM12: =IFERROR(VLOOKUP(BM$2,$A12:$AA12,23,FALSE),0)+IFERROR(VLOOKUP(BM$2,$B12:$AB12,23,FALSE),0) -> 0 | BN12: =IFERROR(VLOOKUP(BN$2,$A12:$AA12,23,FALSE),0)+IFERROR(VLOOKUP(BN$2,$B12:$AB12,23,FALSE),0) -> 28.22 | BO12: =IFERROR(VLOOKUP(BO$2,$A12:$AA12,23,FALSE),0)+IFERROR(VLOOKUP(BO$2,$B12:$AB12,23,FALSE),0) -> 0
A13: Kevin/Paul | B13: Mark/Neil | C13: 24.24 | D13: 24.85 | E13: 1 | F13: 0 | G13: 30.75 | H13: 30.06 | I13: 0 | J13: 1 | K13: =(C13+G13)/2 -> 27.495 | L13: =(D13+H13)/2 -> 27.455 | M13: 1.37 | N13: 1 | O13: 1 | P13: 0 | Q13: 1.37 | R13: 1.16 | S13: 1 | T13: 0 | U13: =(M13+Q13)/2 -> 1.37 | V13: =(N13+R13)/2 -> 1.08 | W13: 34.73 | X13: 30.62 | Y13: 1 | Z13: 0 | AA13: =E13+O13+Y13+S13+I13 -> 4 | AB13: =F13+P13+Z13+J13+T13 -> 1 | AD13: =IF(AA13+AB13 = 5, "Good", "ERROR") -> Good | AG13: =IFERROR(VLOOKUP(AG$2,$A13:$AA13,27,FALSE),0)+IFERROR(VLOOKUP(AG$2,$B13:$AB13,27,FALSE),0) -> 0 | AH13: =IFERROR(VLOOKUP(AH$2,$A13:$AA13,27,FALSE),0)+IFERROR(VLOOKUP(AH$2,$B13:$AB13,27,FALSE),0) -> 0 | AI13: =IFERROR(VLOOKUP(AI$2,$A13:$AA13,27,FALSE),0)+IFERROR(VLOOKUP(AI$2,$B13:$AB13,27,FALSE),0) -> 0 | AJ13: =IFERROR(VLOOKUP(AJ$2,$A13:$AA13,27,FALSE),0)+IFERROR(VLOOKUP(AJ$2,$B13:$AB13,27,FALSE),0) -> 4 | AK13: =IFERROR(VLOOKUP(AK$2,$A13:$AA13,27,FALSE),0)+IFERROR(VLOOKUP(AK$2,$B13:$AB13,27,FALSE),0) -> 1 | AL13: =IFERROR(VLOOKUP(AL$2,$A13:$AA13,27,FALSE),0)+IFERROR(VLOOKUP(AL$2,$B13:$AB13,27,FALSE),0) -> 0 | AM13: =IFERROR(VLOOKUP(AM$2,$A13:$AA13,27,FALSE),0)+IFERROR(VLOOKUP(AM$2,$B13:$AB13,27,FALSE),0) -> 0 | AN13: =IFERROR(VLOOKUP(AN$2,$A13:$AA13,27,FALSE),0)+IFERROR(VLOOKUP(AN$2,$B13:$AB13,27,FALSE),0) -> 0 | AO13: =IF(SUM(AG13:AN13) = 5, "Good", "ERROR") -> Good | AP13: =IFERROR(VLOOKUP(AP$2,$A13:$AA13,11,FALSE),0)+IFERROR(VLOOKUP(AP$2,$B13:$AB13,11,FALSE),0) -> 0 | AQ13: =IFERROR(VLOOKUP(AQ$2,$A13:$AA13,11,FALSE),0)+IFERROR(VLOOKUP(AQ$2,$B13:$AB13,11,FALSE),0) -> 0 | AR13: =IFERROR(VLOOKUP(AR$2,$A13:$AA13,11,FALSE),0)+IFERROR(VLOOKUP(AR$2,$B13:$AB13,11,FALSE),0) -> 0 | AS13: =IFERROR(VLOOKUP(AS$2,$A13:$AA13,11,FALSE),0)+IFERROR(VLOOKUP(AS$2,$B13:$AB13,11,FALSE),0) -> 27.495 | AT13: =IFERROR(VLOOKUP(AT$2,$A13:$AA13,11,FALSE),0)+IFERROR(VLOOKUP(AT$2,$B13:$AB13,11,FALSE),0) -> 27.455 | AU13: =IFERROR(VLOOKUP(AU$2,$A13:$AA13,11,FALSE),0)+IFERROR(VLOOKUP(AU$2,$B13:$AB13,11,FALSE),0) -> 0 | AV13: =IFERROR(VLOOKUP(AV$2,$A13:$AA13,11,FALSE),0)+IFERROR(VLOOKUP(AV$2,$B13:$AB13,11,FALSE),0) -> 0 | AW13: =IFERROR(VLOOKUP(AW$2,$A13:$AA13,11,FALSE),0)+IFERROR(VLOOKUP(AW$2,$B13:$AB13,11,FALSE),0) -> 0 | AY13: =IFERROR(VLOOKUP(AY$2,$A13:$AA13,21,FALSE),0)+IFERROR(VLOOKUP(AY$2,$B13:$AB13,21,FALSE),0) -> 0 | AZ13: =IFERROR(VLOOKUP(AZ$2,$A13:$AA13,21,FALSE),0)+IFERROR(VLOOKUP(AZ$2,$B13:$AB13,21,FALSE),0) -> 0 | BA13: =IFERROR(VLOOKUP(BA$2,$A13:$AA13,21,FALSE),0)+IFERROR(VLOOKUP(BA$2,$B13:$AB13,21,FALSE),0) -> 0 | BB13: =IFERROR(VLOOKUP(BB$2,$A13:$AA13,21,FALSE),0)+IFERROR(VLOOKUP(BB$2,$B13:$AB13,21,FALSE),0) -> 1.37 | BC13: =IFERROR(VLOOKUP(BC$2,$A13:$AA13,21,FALSE),0)+IFERROR(VLOOKUP(BC$2,$B13:$AB13,21,FALSE),0) -> 1.08 | BD13: =IFERROR(VLOOKUP(BD$2,$A13:$AA13,21,FALSE),0)+IFERROR(VLOOKUP(BD$2,$B13:$AB13,21,FALSE),0) -> 0 | BE13: =IFERROR(VLOOKUP(BE$2,$A13:$AA13,21,FALSE),0)+IFERROR(VLOOKUP(BE$2,$B13:$AB13,21,FALSE),0) -> 0 | BF13: =IFERROR(VLOOKUP(BF$2,$A13:$AA13,21,FALSE),0)+IFERROR(VLOOKUP(BF$2,$B13:$AB13,21,FALSE),0) -> 0 | BH13: =IFERROR(VLOOKUP(BH$2,$A13:$AA13,23,FALSE),0)+IFERROR(VLOOKUP(BH$2,$B13:$AB13,23,FALSE),0) -> 0 | BI13: =IFERROR(VLOOKUP(BI$2,$A13:$AA13,23,FALSE),0)+IFERROR(VLOOKUP(BI$2,$B13:$AB13,23,FALSE),0) -> 0 | BJ13: =IFERROR(VLOOKUP(BJ$2,$A13:$AA13,23,FALSE),0)+IFERROR(VLOOKUP(BJ$2,$B13:$AB13,23,FALSE),0) -> 0 | BK13: =IFERROR(VLOOKUP(BK$2,$A13:$AA13,23,FALSE),0)+IFERROR(VLOOKUP(BK$2,$B13:$AB13,23,FALSE),0) -> 34.73 | BL13: =IFERROR(VLOOKUP(BL$2,$A13:$AA13,23,FALSE),0)+IFERROR(VLOOKUP(BL$2,$B13:$AB13,23,FALSE),0) -> 30.62 | BM13: =IFERROR(VLOOKUP(BM$2,$A13:$AA13,23,FALSE),0)+IFERROR(VLOOKUP(BM$2,$B13:$AB13,23,FALSE),0) -> 0 | BN13: =IFERROR(VLOOKUP(BN$2,$A13:$AA13,23,FALSE),0)+IFERROR(VLOOKUP(BN$2,$B13:$AB13,23,FALSE),0) -> 0 | BO13: =IFERROR(VLOOKUP(BO$2,$A13:$AA13,23,FALSE),0)+IFERROR(VLOOKUP(BO$2,$B13:$AB13,23,FALSE),0) -> 0
A14: Daniel/David | B14: Todd/Mike C | C14: 32.73 | D14: 31.98 | E14: 0 | F14: 1 | G14: 39.6 | H14: 40.42 | I14: 1 | J14: 0 | K14: =(C14+G14)/2 -> 36.165 | L14: =(D14+H14)/2 -> 36.2 | M14: 1.57 | N14: 1.55 | O14: 0 | P14: 1 | Q14: 1.32 | R14: 2.05 | S14: 0 | T14: 1 | U14: =(M14+Q14)/2 -> 1.445 | V14: =(N14+R14)/2 -> 1.8 | W14: 43 | X14: 35.8 | Y14: 1 | Z14: 0 | AA14: =E14+O14+Y14+S14+I14 -> 2 | AB14: =F14+P14+Z14+J14+T14 -> 3 | AD14: =IF(AA14+AB14 = 5, "Good", "ERROR") -> Good | AG14: =IFERROR(VLOOKUP(AG$2,$A14:$AA14,27,FALSE),0)+IFERROR(VLOOKUP(AG$2,$B14:$AB14,27,FALSE),0) -> 3 | AH14: =IFERROR(VLOOKUP(AH$2,$A14:$AA14,27,FALSE),0)+IFERROR(VLOOKUP(AH$2,$B14:$AB14,27,FALSE),0) -> 0 | AI14: =IFERROR(VLOOKUP(AI$2,$A14:$AA14,27,FALSE),0)+IFERROR(VLOOKUP(AI$2,$B14:$AB14,27,FALSE),0) -> 0 | AJ14: =IFERROR(VLOOKUP(AJ$2,$A14:$AA14,27,FALSE),0)+IFERROR(VLOOKUP(AJ$2,$B14:$AB14,27,FALSE),0) -> 0 | AK14: =IFERROR(VLOOKUP(AK$2,$A14:$AA14,27,FALSE),0)+IFERROR(VLOOKUP(AK$2,$B14:$AB14,27,FALSE),0) -> 0 | AL14: =IFERROR(VLOOKUP(AL$2,$A14:$AA14,27,FALSE),0)+IFERROR(VLOOKUP(AL$2,$B14:$AB14,27,FALSE),0) -> 0 | AM14: =IFERROR(VLOOKUP(AM$2,$A14:$AA14,27,FALSE),0)+IFERROR(VLOOKUP(AM$2,$B14:$AB14,27,FALSE),0) -> 0 | AN14: =IFERROR(VLOOKUP(AN$2,$A14:$AA14,27,FALSE),0)+IFERROR(VLOOKUP(AN$2,$B14:$AB14,27,FALSE),0) -> 2 | AO14: =IF(SUM(AG14:AN14) = 5, "Good", "ERROR") -> Good | AP14: =IFERROR(VLOOKUP(AP$2,$A14:$AA14,11,FALSE),0)+IFERROR(VLOOKUP(AP$2,$B14:$AB14,11,FALSE),0) -> 36.2 | AQ14: =IFERROR(VLOOKUP(AQ$2,$A14:$AA14,11,FALSE),0)+IFERROR(VLOOKUP(AQ$2,$B14:$AB14,11,FALSE),0) -> 0 | AR14: =IFERROR(VLOOKUP(AR$2,$A14:$AA14,11,FALSE),0)+IFERROR(VLOOKUP(AR$2,$B14:$AB14,11,FALSE),0) -> 0 | AS14: =IFERROR(VLOOKUP(AS$2,$A14:$AA14,11,FALSE),0)+IFERROR(VLOOKUP(AS$2,$B14:$AB14,11,FALSE),0) -> 0 | AT14: =IFERROR(VLOOKUP(AT$2,$A14:$AA14,11,FALSE),0)+IFERROR(VLOOKUP(AT$2,$B14:$AB14,11,FALSE),0) -> 0 | AU14: =IFERROR(VLOOKUP(AU$2,$A14:$AA14,11,FALSE),0)+IFERROR(VLOOKUP(AU$2,$B14:$AB14,11,FALSE),0) -> 0 | AV14: =IFERROR(VLOOKUP(AV$2,$A14:$AA14,11,FALSE),0)+IFERROR(VLOOKUP(AV$2,$B14:$AB14,11,FALSE),0) -> 0 | AW14: =IFERROR(VLOOKUP(AW$2,$A14:$AA14,11,FALSE),0)+IFERROR(VLOOKUP(AW$2,$B14:$AB14,11,FALSE),0) -> 36.165 | AY14: =IFERROR(VLOOKUP(AY$2,$A14:$AA14,21,FALSE),0)+IFERROR(VLOOKUP(AY$2,$B14:$AB14,21,FALSE),0) -> 1.8 | AZ14: =IFERROR(VLOOKUP(AZ$2,$A14:$AA14,21,FALSE),0)+IFERROR(VLOOKUP(AZ$2,$B14:$AB14,21,FALSE),0) -> 0 | BA14: =IFERROR(VLOOKUP(BA$2,$A14:$AA14,21,FALSE),0)+IFERROR(VLOOKUP(BA$2,$B14:$AB14,21,FALSE),0) -> 0 | BB14: =IFERROR(VLOOKUP(BB$2,$A14:$AA14,21,FALSE),0)+IFERROR(VLOOKUP(BB$2,$B14:$AB14,21,FALSE),0) -> 0 | BC14: =IFERROR(VLOOKUP(BC$2,$A14:$AA14,21,FALSE),0)+IFERROR(VLOOKUP(BC$2,$B14:$AB14,21,FALSE),0) -> 0 | BD14: =IFERROR(VLOOKUP(BD$2,$A14:$AA14,21,FALSE),0)+IFERROR(VLOOKUP(BD$2,$B14:$AB14,21,FALSE),0) -> 0 | BE14: =IFERROR(VLOOKUP(BE$2,$A14:$AA14,21,FALSE),0)+IFERROR(VLOOKUP(BE$2,$B14:$AB14,21,FALSE),0) -> 0 | BF14: =IFERROR(VLOOKUP(BF$2,$A14:$AA14,21,FALSE),0)+IFERROR(VLOOKUP(BF$2,$B14:$AB14,21,FALSE),0) -> 1.445 | BH14: =IFERROR(VLOOKUP(BH$2,$A14:$AA14,23,FALSE),0)+IFERROR(VLOOKUP(BH$2,$B14:$AB14,23,FALSE),0) -> 35.8 | BI14: =IFERROR(VLOOKUP(BI$2,$A14:$AA14,23,FALSE),0)+IFERROR(VLOOKUP(BI$2,$B14:$AB14,23,FALSE),0) -> 0 | BJ14: =IFERROR(VLOOKUP(BJ$2,$A14:$AA14,23,FALSE),0)+IFERROR(VLOOKUP(BJ$2,$B14:$AB14,23,FALSE),0) -> 0 | BK14: =IFERROR(VLOOKUP(BK$2,$A14:$AA14,23,FALSE),0)+IFERROR(VLOOKUP(BK$2,$B14:$AB14,23,FALSE),0) -> 0 | BL14: =IFERROR(VLOOKUP(BL$2,$A14:$AA14,23,FALSE),0)+IFERROR(VLOOKUP(BL$2,$B14:$AB14,23,FALSE),0) -> 0 | BM14: =IFERROR(VLOOKUP(BM$2,$A14:$AA14,23,FALSE),0)+IFERROR(VLOOKUP(BM$2,$B14:$AB14,23,FALSE),0) -> 0 | BN14: =IFERROR(VLOOKUP(BN$2,$A14:$AA14,23,FALSE),0)+IFERROR(VLOOKUP(BN$2,$B14:$AB14,23,FALSE),0) -> 0 | BO14: =IFERROR(VLOOKUP(BO$2,$A14:$AA14,23,FALSE),0)+IFERROR(VLOOKUP(BO$2,$B14:$AB14,23,FALSE),0) -> 43
... A30: Todd/Mike C | B30: Tayven/Tony | C30: 21.17 | D30: 20.75 | E30: 1 | F30: 0 | G30: 17.54 | H30: 18.11 | I30: 0 | J30: 1 | K30: =(C30+G30)/2 -> 19.355 | L30: =(D30+H30)/2 -> 19.43 | M30: 0.97 | N30: 1 | O30: 0 | P30: 1 | Q30: 1.27 | R30: 1.81 | S30: 0 | T30: 1 | U30: =(M30+Q30)/2 -> 1.12 | V30: =(N30+R30)/2 -> 1.405 | W30: 22.58 | X30: 22.23 | Y30: 1 | Z30: 0 | AA30: =E30+O30+Y30+S30+I30 -> 2 | AB30: =F30+P30+Z30+J30+T30 -> 3 | AD30: =IF(AA30+AB30 = 5, "Good", "ERROR") -> Good | AG30: =IFERROR(VLOOKUP(AG$2,$A30:$AA30,27,FALSE),0)+IFERROR(VLOOKUP(AG$2,$B30:$AB30,27,FALSE),0) -> 2 | AH30: =IFERROR(VLOOKUP(AH$2,$A30:$AA30,27,FALSE),0)+IFERROR(VLOOKUP(AH$2,$B30:$AB30,27,FALSE),0) -> 0 | AI30: =IFERROR(VLOOKUP(AI$2,$A30:$AA30,27,FALSE),0)+IFERROR(VLOOKUP(AI$2,$B30:$AB30,27,FALSE),0) -> 0 | AJ30: =IFERROR(VLOOKUP(AJ$2,$A30:$AA30,27,FALSE),0)+IFERROR(VLOOKUP(AJ$2,$B30:$AB30,27,FALSE),0) -> 0 | AK30: =IFERROR(VLOOKUP(AK$2,$A30:$AA30,27,FALSE),0)+IFERROR(VLOOKUP(AK$2,$B30:$AB30,27,FALSE),0) -> 0 | AL30: =IFERROR(VLOOKUP(AL$2,$A30:$AA30,27,FALSE),0)+IFERROR(VLOOKUP(AL$2,$B30:$AB30,27,FALSE),0) -> 3 | AM30: =IFERROR(VLOOKUP(AM$2,$A30:$AA30,27,FALSE),0)+IFERROR(VLOOKUP(AM$2,$B30:$AB30,27,FALSE),0) -> 0 | AN30: =IFERROR(VLOOKUP(AN$2,$A30:$AA30,27,FALSE),0)+IFERROR(VLOOKUP(AN$2,$B30:$AB30,27,FALSE),0) -> 0 | AO30: =IF(SUM(AG30:AN30) = 5, "Good", "ERROR") -> Good | AP30: =IFERROR(VLOOKUP(AP$2,$A30:$AA30,11,FALSE),0)+IFERROR(VLOOKUP(AP$2,$B30:$AB30,11,FALSE),0) -> 19.355 | AQ30: =IFERROR(VLOOKUP(AQ$2,$A30:$AA30,11,FALSE),0)+IFERROR(VLOOKUP(AQ$2,$B30:$AB30,11,FALSE),0) -> 0 | AR30: =IFERROR(VLOOKUP(AR$2,$A30:$AA30,11,FALSE),0)+IFERROR(VLOOKUP(AR$2,$B30:$AB30,11,FALSE),0) -> 0 | AS30: =IFERROR(VLOOKUP(AS$2,$A30:$AA30,11,FALSE),0)+IFERROR(VLOOKUP(AS$2,$B30:$AB30,11,FALSE),0) -> 0 | AT30: =IFERROR(VLOOKUP(AT$2,$A30:$AA30,11,FALSE),0)+IFERROR(VLOOKUP(AT$2,$B30:$AB30,11,FALSE),0) -> 0 | AU30: =IFERROR(VLOOKUP(AU$2,$A30:$AA30,11,FALSE),0)+IFERROR(VLOOKUP(AU$2,$B30:$AB30,11,FALSE),0) -> 19.43 | AV30: =IFERROR(VLOOKUP(AV$2,$A30:$AA30,11,FALSE),0)+IFERROR(VLOOKUP(AV$2,$B30:$AB30,11,FALSE),0) -> 0 | AW30: =IFERROR(VLOOKUP(AW$2,$A30:$AA30,11,FALSE),0)+IFERROR(VLOOKUP(AW$2,$B30:$AB30,11,FALSE),0) -> 0 | AY30: =IFERROR(VLOOKUP(AY$2,$A30:$AA30,21,FALSE),0)+IFERROR(VLOOKUP(AY$2,$B30:$AB30,21,FALSE),0) -> 1.12 | AZ30: =IFERROR(VLOOKUP(AZ$2,$A30:$AA30,21,FALSE),0)+IFERROR(VLOOKUP(AZ$2,$B30:$AB30,21,FALSE),0) -> 0 | BA30: =IFERROR(VLOOKUP(BA$2,$A30:$AA30,21,FALSE),0)+IFERROR(VLOOKUP(BA$2,$B30:$AB30,21,FALSE),0) -> 0 | BB30: =IFERROR(VLOOKUP(BB$2,$A30:$AA30,21,FALSE),0)+IFERROR(VLOOKUP(BB$2,$B30:$AB30,21,FALSE),0) -> 0 | BC30: =IFERROR(VLOOKUP(BC$2,$A30:$AA30,21,FALSE),0)+IFERROR(VLOOKUP(BC$2,$B30:$AB30,21,FALSE),0) -> 0 | BD30: =IFERROR(VLOOKUP(BD$2,$A30:$AA30,21,FALSE),0)+IFERROR(VLOOKUP(BD$2,$B30:$AB30,21,FALSE),0) -> 1.405 | BE30: =IFERROR(VLOOKUP(BE$2,$A30:$AA30,21,FALSE),0)+IFERROR(VLOOKUP(BE$2,$B30:$AB30,21,FALSE),0) -> 0 | BF30: =IFERROR(VLOOKUP(BF$2,$A30:$AA30,21,FALSE),0)+IFERROR(VLOOKUP(BF$2,$B30:$AB30,21,FALSE),0) -> 0 | BH30: =IFERROR(VLOOKUP(BH$2,$A30:$AA30,23,FALSE),0)+IFERROR(VLOOKUP(BH$2,$B30:$AB30,23,FALSE),0) -> 22.58 | BI30: =IFERROR(VLOOKUP(BI$2,$A30:$AA30,23,FALSE),0)+IFERROR(VLOOKUP(BI$2,$B30:$AB30,23,FALSE),0) -> 0 | BJ30: =IFERROR(VLOOKUP(BJ$2,$A30:$AA30,23,FALSE),0)+IFERROR(VLOOKUP(BJ$2,$B30:$AB30,23,FALSE),0) -> 0 | BK30: =IFERROR(VLOOKUP(BK$2,$A30:$AA30,23,FALSE),0)+IFERROR(VLOOKUP(BK$2,$B30:$AB30,23,FALSE),0) -> 0 | BL30: =IFERROR(VLOOKUP(BL$2,$A30:$AA30,23,FALSE),0)+IFERROR(VLOOKUP(BL$2,$B30:$AB30,23,FALSE),0) -> 0 | BM30: =IFERROR(VLOOKUP(BM$2,$A30:$AA30,23,FALSE),0)+IFERROR(VLOOKUP(BM$2,$B30:$AB30,23,FALSE),0) -> 22.23 | BN30: =IFERROR(VLOOKUP(BN$2,$A30:$AA30,23,FALSE),0)+IFERROR(VLOOKUP(BN$2,$B30:$AB30,23,FALSE),0) -> 0 | BO30: =IFERROR(VLOOKUP(BO$2,$A30:$AA30,23,FALSE),0)+IFERROR(VLOOKUP(BO$2,$B30:$AB30,23,FALSE),0) -> 0
AF31: TOTALS | AG31: =SUM(AG3:AG30) -> 14 | AH31: =SUM(AH3:AH30) -> 16 | AI31: =SUM(AI3:AI30) -> 19 | AJ31: =SUM(AJ3:AJ30) -> 18 | AK31: =SUM(AK3:AK30) -> 19 | AL31: =SUM(AL3:AL30) -> 16 | AM31: =SUM(AM3:AM30) -> 18 | AN31: =SUM(AN3:AN30) -> 18 | AP31: =AVERAGEIF(AP3:AP30,">0") -> 31.767143 | AQ31: =AVERAGEIF(AQ3:AQ30,">0") -> 36.184286 | AR31: =AVERAGEIF(AR3:AR30,">0") -> 33.896429 | AS31: =AVERAGEIF(AS3:AS30,">0") -> 34.702857 | AT31: =AVERAGEIF(AT3:AT30,">0") -> 34.491429 | AU31: =AVERAGEIF(AU3:AU30,">0") -> 31.537143 | AV31: =AVERAGEIF(AV3:AV30,">0") -> 31.292857 | AW31: =AVERAGEIF(AW3:AW30,">0") -> 37.987143 | AY31: =AVERAGEIF(AY3:AY30,">0") -> 1.2242857 | AZ31: =AVERAGEIF(AZ3:AZ30,">0") -> 1.2921429 | BA31: =AVERAGEIF(BA3:BA30,">0") -> 1.3385714 | BB31: =AVERAGEIF(BB3:BB30,">0") -> 1.4721429 | BC31: =AVERAGEIF(BC3:BC30,">0") -> 1.1635714 | BD31: =AVERAGEIF(BD3:BD30,">0") -> 1.2207143 | BE31: =AVERAGEIF(BE3:BE30,">0") -> 1.2228571 | BF31: =AVERAGEIF(BF3:BF30,">0") -> 1.38 | BH31: =AVERAGEIF(BH3:BH30,">0") -> 25.494286 | BI31: =AVERAGEIF(BI3:BI30,">0") -> 27.564286 | BJ31: =AVERAGEIF(BJ3:BJ30,">0") -> 28.32 | BK31: =AVERAGEIF(BK3:BK30,">0") -> 27.345714 | BL31: =AVERAGEIF(BL3:BL30,">0") -> 23.158571 | BM31: =AVERAGEIF(BM3:BM30,">0") -> 21.324286 | BN31: =AVERAGEIF(BN3:BN30,">0") -> 25.868571 | BO31: =AVERAGEIF(BO3:BO30,">0") -> 27.037143

Sheet Team Stats
A1: Team Name | B1: Games | C1: Points Per Week | D1: Points | E1: 501 Avg | F1: Crick Avg | G1: 301 Avg | M1: *25 | N1: *1.25
A2: Todd/Mike C | B2: 7 | C2: =D2/B2 -> 2 | D2: ='Match Data - D'!AG$31 -> 14 | E2: =HLOOKUP(A2,'Match Data - D'!$AP$2:$AW$31,30,FALSE) -> 31.767143 | F2: =HLOOKUP(A2,'Match Data - D'!$AY$2:$BF$31,30,FALSE) -> 1.2242857 | G2: =HLOOKUP(A2,'Match Data - D'!$BH$2:$BO$31,30,FALSE) -> 25.494286 | L2: 50 | M2: 2 | N2: 40
A3: Clarence/Mike H | B3: 7 | C3: =D3/B3 -> 2.2857143 | D3: ='Match Data - D'!AH$31 -> 16 | E3: =HLOOKUP(A3,'Match Data - D'!$AP$2:$AW$31,30,FALSE) -> 36.184286 | F3: =HLOOKUP(A3,'Match Data - D'!$AY$2:$BF$31,30,FALSE) -> 1.2921429 | G3: =HLOOKUP(A3,'Match Data - D'!$BH$2:$BO$31,30,FALSE) -> 27.564286
A4: Jason/Mike A | B4: 7 | C4: =D4/B4 -> 2.7142857 | D4: ='Match Data - D'!AI$31 -> 19 | E4: =HLOOKUP(A4,'Match Data - D'!$AP$2:$AW$31,30,FALSE) -> 33.896429 | F4: =HLOOKUP(A4,'Match Data - D'!$AY$2:$BF$31,30,FALSE) -> 1.3385714 | G4: =HLOOKUP(A4,'Match Data - D'!$BH$2:$BO$31,30,FALSE) -> 28.32
A5: Kevin/Paul | B5: 7 | C5: =D5/B5 -> 2.5714286 | D5: ='Match Data - D'!AJ$31 -> 18 | E5: =HLOOKUP(A5,'Match Data - D'!$AP$2:$AW$31,30,FALSE) -> 34.702857 | F5: =HLOOKUP(A5,'Match Data - D'!$AY$2:$BF$31,30,FALSE) -> 1.4721429 | G5: =HLOOKUP(A5,'Match Data - D'!$BH$2:$BO$31,30,FALSE) -> 27.345714
A6: Mark/Neil | B6: 7 | C6: =D6/B6 -> 2.7142857 | D6: ='Match Data - D'!AK$31 -> 19 | E6: =HLOOKUP(A6,'Match Data - D'!$AP$2:$AW$31,30,FALSE) -> 34.491429 | F6: =HLOOKUP(A6,'Match Data - D'!$AY$2:$BF$31,30,FALSE) -> 1.1635714 | G6: =HLOOKUP(A6,'Match Data - D'!$BH$2:$BO$31,30,FALSE) -> 23.158571
A7: Tayven/Tony | B7: 7 | C7: =D7/B7 -> 2.2857143 | D7: ='Match Data - D'!AL$31 -> 16 | E7: =HLOOKUP(A7,'Match Data - D'!$AP$2:$AW$31,30,FALSE) -> 31.537143 | F7: =HLOOKUP(A7,'Match Data - D'!$AY$2:$BF$31,30,FALSE) -> 1.2207143 | G7: =HLOOKUP(A7,'Match Data - D'!$BH$2:$BO$31,30,FALSE) -> 21.324286
A8: Brian/Olver | B8: 7 | C8: =D8/B8 -> 2.5714286 | D8: ='Match Data - D'!AM$31 -> 18 | E8: =HLOOKUP(A8,'Match Data - D'!$AP$2:$AW$31,30,FALSE) -> 31.292857 | F8: =HLOOKUP(A8,'Match Data - D'!$AY$2:$BF$31,30,FALSE) -> 1.2228571 | G8: =HLOOKUP(A8,'Match Data - D'!$BH$2:$BO$31,30,FALSE) -> 25.868571
A9: Daniel/David | B9: 7 | C9: =D9/B9 -> 2.5714286 | D9: ='Match Data - D'!AN$31 -> 18 | E9: =HLOOKUP(A9,'Match Data - D'!$AP$2:$AW$31,30,FALSE) -> 37.987143 | F9: =HLOOKUP(A9,'Match Data - D'!$AY$2:$BF$31,30,FALSE) -> 1.38 | G9: =HLOOKUP(A9,'Match Data - D'!$BH$2:$BO$31,30,FALSE) -> 27.037143
B10: =SUM(B2:B9) -> 56

Sheet Individual Stats
B1: All Stars
A2: Player | B2: Week 1 | C2: Week 2 | D2: Week 3 | E2: Week 4 | F2: Week 5 | G2: Week 6 | H2: Week 7 | I2: Total | J2: High Out | K2: High In
A3: Daniel | B3: 2 | C3: 2 | D3: 4 | E3: 4 | F3: 2 | G3: 3 | H3: 1 | I3: =SUM(B3:H3) -> 18 | J3: 41 | K3: 50
A4: Mark | B4: 3 | C4: 2 | D4: 1 | E4: 2 | F4: 1 | G4: 2 | H4: 0 | I4: =SUM(B4:H4) -> 11 | J4: 30 | K4: 14
A5: Mike A | B5: 1 | C5: 1 | D5: 1 | E5: 4 | F5: 1 | G5: 1 | H5: 0 | I5: =SUM(B5:H5) -> 9 | J5: 30 | K5: 32
A6: Tayven | B6: 0 | C6: 0 | D6: 4 | E6: 0 | F6: 1 | G6: 0 | H6: 3 | I6: =SUM(B6:H6) -> 8 | J6: 48 | K6: 52
A7: Kevin | B7: 1 | C7: 1 | D7: 1 | E7: 0 | F7: 0 | G7: 1 | H7: 3 | I7: =SUM(B7:H7) -> 7 | J7: 92 | K7: 41
A8: Mike H | B8: 0 | C8: 1 | D8: 1 | E8: 1 | F8: 0 | G8: 4 | H8: 0 | I8: =SUM(B8:H8) -> 7 | J8: 34 | K8: 40
A9: Paul | B9: 0 | C9: 1 | D9: 1 | E9: 0 | F9: 3 | G9: 0 | H9: 2 | I9: =SUM(B9:H9) -> 7 | J9: 32 | K9: 20
A10: Brian | B10: 1 | C10: 0 | D10: 2 | E10: 2 | F10: 0 | G10: 0 | H10: 1 | I10: =SUM(B10:H10) -> 6 | J10: 32 | K10: 83
A11: David | B11: 1 | C11: 1 | D11: 1 | E11: 0 | F11: 1 | G11: 0 | H11: 1 | I11: =SUM(B11:H11) -> 5 | J11: 30 | K11: 59
A12: Jason | B12: 1 | C12: 1 | D12: 1 | E12: 0 | F12: 1 | G12: 1 | H12: 0 | I12: =SUM(B12:H12) -> 5 | J12: 80 | K12: 76
A13: Mike C | B13: 0 | C13: 0 | D13: 1 | E13: 1 | F13: 0 | G13: 0 | H13: 3 | I13: =SUM(B13:H13) -> 5 | J13: 32
A14: Clarence | B14: 0 | C14: 0 | D14: 1 | E14: 0 | F14: 1 | G14: 1 | H14: 1 | I14: =SUM(B14:H14) -> 4 | J14: 42 | K14: 37
A15: Neil | B15: 1 | C15: 1 | D15: 1 | E15: 0 | F15: 1 | G15: 0 | H15: 0 | I15: =SUM(B15:H15) -> 4 | J15: 32 | K15: 22
A16: Todd | B16: 1 | C16: 0 | D16: 0 | E16: 0 | F16: 0 | G16: 1 | H16: 2 | I16: =SUM(B16:H16) -> 4 | J16: 56 | K16: 75
A17: Olver | B17: 1 | C17: 0 | D17: 1 | E17: 0 | F17: 0 | G17: 1 | H17: 0 | I17: =SUM(B17:H17) -> 3 | J17: 86 | K17: 28
A18: Tony | B18: 0 | C18: 1 | D18: 0 | E18: 0 | F18: 0 | G18: 0 | H18: 1 | I18: =SUM(B18:H18) -> 2 | J18: 4 | K18: 38
A20: League Average | I20: =AVERAGE(I3:I18) -> 6.5625 | J20: =AVERAGE(J3:J18) -> 43.8125 | K20: =AVERAGE(K3:K18) -> 44.466667
I21: =SUM(I3:I18) -> 105

Sheet Player Ratings
A1: Player | B1: Rating | C1: Team | D1: Partner | E1: Team 501 | F1: Team Out | G1: Player Out % | H1: Player 501 | I1: Player 501 Pts | J1: Team 301 | K1: Team Out | L1: Player Out | M1: Player 301 | N1: Player 301 Pts | O1: Team Cricket | P1: Team allstars | R1: Player Allstar % | S1: Player Allstar pts | T1: Player Cricket Pts | U1: Diff Out | V1: Out pts | W1: Diff In | X1: In Pts
A2: ='Individual Stats'!A3 -> Daniel | B2: =T2+V2+X2+N2+I2+Q2 -> 92.430084 | C2: =VLOOKUP("*"&A2&"*",'Team Stats'!$A$2:$A$9,1,FALSE) -> Daniel/David | D2: David | E2: =VLOOKUP($C2,'Team Stats'!$A$2:$G$9,5,FALSE) -> 37.987143 | F2: =VLOOKUP($A2,'Individual Stats'!$A$3:$K$18,10,FALSE)+VLOOKUP($D2,'Individual Stats'!$A$3:$K$18,10,FALSE) -> 71 | G2: =VLOOKUP($A2,'Individual Stats'!$A$3:$K$18,10,FALSE)/F2 -> 0.57746479 | H2: =E2*MAX(R2,0.5) -> 29.729068 | I2: =H2*$B$27 -> 29.729068 | J2: =VLOOKUP($C2,'Team Stats'!$A$2:$G$9,7,FALSE) -> 27.037143 | K2: =VLOOKUP($A2,'Individual Stats'!$A$3:$K$18,11,FALSE)+VLOOKUP($D2,'Individual Stats'!$A$3:$K$18,11,FALSE) -> 109 | L2: =VLOOKUP($A2,'Individual Stats'!$A$3:$K$18,11,FALSE)/K2 -> 0.4587156 | M2: =J2*MAX(R2,0.5) -> 21.159503 | N2: =M2*$B$28 -> 26.449379 | O2: =VLOOKUP($C2,'Team Stats'!$A$2:$G$9,6,FALSE) -> 1.38 | P2: =VLOOKUP($A2,'Individual Stats'!$A$3:$I$18,9,FALSE)+VLOOKUP($D2,'Individual Stats'!$A$3:$I$18,9,FALSE) -> 23 | Q2: =S2/$S$18*50 -> 8.5714286 | R2: =VLOOKUP($A2,'Individual Stats'!$A$3:$I$18,9,FALSE)/P2 -> 0.7826087 | S2: =P2*R2 -> 18 | T2: =O2*$B$29*MAX(R2,0.5) -> 27 | U2: =VLOOKUP($A2,'Individual Stats'!$A$3:$K$18,10,FALSE)-'Individual Stats'!$J$20 -> -2.8125 | V2: =U2*$B$30 -> -0.703125 | W2: =VLOOKUP($A2,'Individual Stats'!$A$3:$K$18,11,FALSE)-'Individual Stats'!$K$20 -> 5.5333333 | X2: =W2*$B$31 -> 1.3833333
A3: ='Individual Stats'!A6 -> Tayven | B3: =T3+V3+X3+N3+I3+Q3 -> 77.708018 | C3: =VLOOKUP("*"&A3&"*",'Team Stats'!$A$2:$A$9,1,FALSE) -> Tayven/Tony | D3: Tony | E3: =VLOOKUP($C3,'Team Stats'!$A$2:$G$9,5,FALSE) -> 31.537143 | F3: =VLOOKUP($A3,'Individual Stats'!$A$3:$K$18,10,FALSE)+VLOOKUP($D3,'Individual Stats'!$A$3:$K$18,10,FALSE) -> 52 | G3: =VLOOKUP($A3,'Individual Stats'!$A$3:$K$18,10,FALSE)/F3 -> 0.92307692 | H3: =E3*MAX(R3,0.5) -> 25.229714 | I3: =H3*$B$27 -> 25.229714 | J3: =VLOOKUP($C3,'Team Stats'!$A$2:$G$9,7,FALSE) -> 21.324286 | K3: =VLOOKUP($A3,'Individual Stats'!$A$3:$K$18,11,FALSE)+VLOOKUP($D3,'Individual Stats'!$A$3:$K$18,11,FALSE) -> 90 | L3: =VLOOKUP($A3,'Individual Stats'!$A$3:$K$18,11,FALSE)/K3 -> 0.57777778 | M3: =J3*MAX(R3,0.5) -> 17.059429 | N3: =M3*$B$28 -> 21.324286 | O3: =VLOOKUP($C3,'Team Stats'!$A$2:$G$9,6,FALSE) -> 1.2207143 | P3: =VLOOKUP($A3,'Individual Stats'!$A$3:$I$18,9,FALSE)+VLOOKUP($D3,'Individual Stats'!$A$3:$I$18,9,FALSE) -> 10 | Q3: =S3/$S$18*50 -> 3.8095238 | R3: =VLOOKUP($A3,'Individual Stats'!$A$3:$I$18,9,FALSE)/P3 -> 0.8 | S3: =P3*R3 -> 8 | T3: =O3*$B$29*MAX(R3,0.5) -> 24.414286 | U3: =VLOOKUP($A3,'Individual Stats'!$A$3:$K$18,10,FALSE)-'Individual Stats'!$J$20 -> 4.1875 | V3: =U3*$B$30 -> 1.046875 | W3: =VLOOKUP($A3,'Individual Stats'!$A$3:$K$18,11,FALSE)-'Individual Stats'!$K$20 -> 7.5333333 | X3: =W3*$B$31 -> 1.8833333
A4: ='Individual Stats'!A10 -> Brian | B4: =T4+V4+X4+N4+I4+Q4 -> 72.337351 | C4: =VLOOKUP("*"&A4&"*",'Team Stats'!$A$2:$A$9,1,FALSE) -> Brian/Olver | D4: Olver | E4: =VLOOKUP($C4,'Team Stats'!$A$2:$G$9,5,FALSE) -> 31.292857 | F4: =VLOOKUP($A4,'Individual Stats'!$A$3:$K$18,10,FALSE)+VLOOKUP($D4,'Individual Stats'!$A$3:$K$18,10,FALSE) -> 118 | G4: =VLOOKUP($A4,'Individual Stats'!$A$3:$K$18,10,FALSE)/F4 -> 0.27118644 | H4: =E4*MAX(R4,0.5) -> 20.861905 | I4: =H4*$B$27 -> 20.861905 | J4: =VLOOKUP($C4,'Team Stats'!$A$2:$G$9,7,FALSE) -> 25.868571 | K4: =VLOOKUP($A4,'Individual Stats'!$A$3:$K$18,11,FALSE)+VLOOKUP($D4,'Individual Stats'!$A$3:$K$18,11,FALSE) -> 111 | L4: =VLOOKUP($A4,'Individual Stats'!$A$3:$K$18,11,FALSE)/K4 -> 0.74774775 | M4: =J4*MAX(R4,0.5) -> 17.245714 | N4: =M4*$B$28 -> 21.557143 | O4: =VLOOKUP($C4,'Team Stats'!$A$2:$G$9,6,FALSE) -> 1.2228571 | P4: =VLOOKUP($A4,'Individual Stats'!$A$3:$I$18,9,FALSE)+VLOOKUP($D4,'Individual Stats'!$A$3:$I$18,9,FALSE) -> 9 | Q4: =S4/$S$18*50 -> 2.8571429 | R4: =VLOOKUP($A4,'Individual Stats'!$A$3:$I$18,9,FALSE)/P4 -> 0.66666667 | S4: =P4*R4 -> 6 | T4: =O4*$B$29*MAX(R4,0.5) -> 20.380952 | U4: =VLOOKUP($A4,'Individual Stats'!$A$3:$K$18,10,FALSE)-'Individual Stats'!$J$20 -> -11.8125 | V4: =U4*$B$30 -> -2.953125 | W4: =VLOOKUP($A4,'Individual Stats'!$A$3:$K$18,11,FALSE)-'Individual Stats'!$K$20 -> 38.533333 | X4: =W4*$B$31 -> 9.6333333
A5: ='Individual Stats'!A12 -> Jason | B5: =T5+V5+X5+N5+I5+Q5 -> 70.691518 | C5: =VLOOKUP("*"&A5&"*",'Team Stats'!$A$2:$A$9,1,FALSE) -> Jason/Mike A | D5: Mike A | E5: =VLOOKUP($C5,'Team Stats'!$A$2:$G$9,5,FALSE) -> 33.896429 | F5: =VLOOKUP($A5,'Individual Stats'!$A$3:$K$18,10,FALSE)+VLOOKUP($D5,'Individual Stats'!$A$3:$K$18,10,FALSE) -> 110 | G5: =VLOOKUP($A5,'Individual Stats'!$A$3:$K$18,10,FALSE)/F5 -> 0.72727273 | H5: =E5*MAX(R5,0.5) -> 16.948214 | I5: =H5*$B$27 -> 16.948214 | J5: =VLOOKUP($C5,'Team Stats'!$A$2:$G$9,7,FALSE) -> 28.32 | K5: =VLOOKUP($A5,'Individual Stats'!$A$3:$K$18,11,FALSE)+VLOOKUP($D5,'Individual Stats'!$A$3:$K$18,11,FALSE) -> 108 | L5: =VLOOKUP($A5,'Individual Stats'!$A$3:$K$18,11,FALSE)/K5 -> 0.7037037 | M5: =J5*MAX(R5,0.5) -> 14.16 | N5: =M5*$B$28 -> 17.7 | O5: =VLOOKUP($C5,'Team Stats'!$A$2:$G$9,6,FALSE) -> 1.3385714 | P5: =VLOOKUP($A5,'Individual Stats'!$A$3:$I$18,9,FALSE)+VLOOKUP($D5,'Individual Stats'!$A$3:$I$18,9,FALSE) -> 14 | Q5: =S5/$S$18*50 -> 2.3809524 | R5: =VLOOKUP($A5,'Individual Stats'!$A$3:$I$18,9,FALSE)/P5 -> 0.35714286 | S5: =P5*R5 -> 5 | T5: =O5*$B$29*MAX(R5,0.5) -> 16.732143 | U5: =VLOOKUP($A5,'Individual Stats'!$A$3:$K$18,10,FALSE)-'Individual Stats'!$J$20 -> 36.1875 | V5: =U5*$B$30 -> 9.046875 | W5: =VLOOKUP($A5,'Individual Stats'!$A$3:$K$18,11,FALSE)-'Individual Stats'!$K$20 -> 31.533333 | X5: =W5*$B$31 -> 7.8833333
A6: ='Individual Stats'!A7 -> Kevin | B6: =T6+V6+X6+N6+I6+Q6 -> 67.357827 | C6: =VLOOKUP("*"&A6&"*",'Team Stats'!$A$2:$A$9,1,FALSE) -> Kevin/Paul | D6: Paul | E6: =VLOOKUP($C6,'Team Stats'!$A$2:$G$9,5,FALSE) -> 34.702857 | F6: =VLOOKUP($A6,'Individual Stats'!$A$3:$K$18,10,FALSE)+VLOOKUP($D6,'Individual Stats'!$A$3:$K$18,10,FALSE) -> 124 | G6: =VLOOKUP($A6,'Individual Stats'!$A$3:$K$18,10,FALSE)/F6 -> 0.74193548 | H6: =E6*MAX(R6,0.5) -> 17.351429 | I6: =H6*$B$27 -> 17.351429 | J6: =VLOOKUP($C6,'Team Stats'!$A$2:$G$9,7,FALSE) -> 27.345714 | K6: =VLOOKUP($A6,'Individual Stats'!$A$3:$K$18,11,FALSE)+VLOOKUP($D6,'Individual Stats'!$A$3:$K$18,11,FALSE) -> 61 | L6: =VLOOKUP($A6,'Individual Stats'!$A$3:$K$18,11,FALSE)/K6 -> 0.67213115 | M6: =J6*MAX(R6,0.5) -> 13.672857 | N6: =M6*$B$28 -> 17.091071 | O6: =VLOOKUP($C6,'Team Stats'!$A$2:$G$9,6,FALSE) -> 1.4721429 | P6: =VLOOKUP($A6,'Individual Stats'!$A$3:$I$18,9,FALSE)+VLOOKUP($D6,'Individual Stats'!$A$3:$I$18,9,FALSE) -> 14 | Q6: =S6/$S$18*50 -> 3.3333333 | R6: =VLOOKUP($A6,'Individual Stats'!$A$3:$I$18,9,FALSE)/P6 -> 0.5 | S6: =P6*R6 -> 7 | T6: =O6*$B$29*MAX(R6,0.5) -> 18.401786 | U6: =VLOOKUP($A6,'Individual Stats'!$A$3:$K$18,10,FALSE)-'Individual Stats'!$J$20 -> 48.1875 | V6: =U6*$B$30 -> 12.046875 | W6: =VLOOKUP($A6,'Individual Stats'!$A$3:$K$18,11,FALSE)-'Individual Stats'!$K$20 -> -3.4666667 | X6: =W6*$B$31 -> -0.86666667
A7: ='Individual Stats'!A8 -> Mike H | B7: =T7+V7+X7+N7+I7+Q7 -> 65.27286 | C7: =VLOOKUP("*"&A7&"*",'Team Stats'!$A$2:$A$9,1,FALSE) -> Clarence/Mike H | D7: Clarence | E7: =VLOOKUP($C7,'Team Stats'!$A$2:$G$9,5,FALSE) -> 36.184286 | F7: =VLOOKUP($A7,'Individual Stats'!$A$3:$K$18,10,FALSE)+VLOOKUP($D7,'Individual Stats'!$A$3:$K$18,10,FALSE) -> 76 | G7: =VLOOKUP($A7,'Individual Stats'!$A$3:$K$18,10,FALSE)/F7 -> 0.44736842 | H7: =E7*MAX(R7,0.5) -> 23.026364 | I7: =H7*$B$27 -> 23.026364 | J7: =VLOOKUP($C7,'Team Stats'!$A$2:$G$9,7,FALSE) -> 27.564286 | K7: =VLOOKUP($A7,'Individual Stats'!$A$3:$K$18,11,FALSE)+VLOOKUP($D7,'Individual Stats'!$A$3:$K$18,11,FALSE) -> 77 | L7: =VLOOKUP($A7,'Individual Stats'!$A$3:$K$18,11,FALSE)/K7 -> 0.51948052 | M7: =J7*MAX(R7,0.5) -> 17.540909 | N7: =M7*$B$28 -> 21.926136 | O7: =VLOOKUP($C7,'Team Stats'!$A$2:$G$9,6,FALSE) -> 1.2921429 | P7: =VLOOKUP($A7,'Individual Stats'!$A$3:$I$18,9,FALSE)+VLOOKUP($D7,'Individual Stats'!$A$3:$I$18,9,FALSE) -> 11 | Q7: =S7/$S$18*50 -> 3.3333333 | R7: =VLOOKUP($A7,'Individual Stats'!$A$3:$I$18,9,FALSE)/P7 -> 0.63636364 | S7: =P7*R7 -> 7 | T7: =O7*$B$29*MAX(R7,0.5) -> 20.556818 | U7: =VLOOKUP($A7,'Individual Stats'!$A$3:$K$18,10,FALSE)-'Individual Stats'!$J$20 -> -9.8125 | V7: =U7*$B$30 -> -2.453125 | W7: =VLOOKUP($A7,'Individual Stats'!$A$3:$K$18,11,FALSE)-'Individual Stats'!$K$20 -> -4.4666667 | X7: =W7*$B$31 -> -1.1166667
A8: ='Individual Stats'!A5 -> Mike A | B8: =T8+V8+X8+N8+I8+Q8 -> 63.776382 | C8: =VLOOKUP("*"&A8&"*",'Team Stats'!$A$2:$A$9,1,FALSE) -> Jason/Mike A | D8: Jason | E8: =VLOOKUP($C8,'Team Stats'!$A$2:$G$9,5,FALSE) -> 33.896429 | F8: =VLOOKUP($A8,'Individual Stats'!$A$3:$K$18,10,FALSE)+VLOOKUP($D8,'Individual Stats'!$A$3:$K$18,10,FALSE) -> 110 | G8: =VLOOKUP($A8,'Individual Stats'!$A$3:$K$18,10,FALSE)/F8 -> 0.27272727 | H8: =E8*MAX(R8,0.5) -> 21.790561 | I8: =H8*$B$27 -> 21.790561 | J8: =VLOOKUP($C8,'Team Stats'!$A$2:$G$9,7,FALSE) -> 28.32 | K8: =VLOOKUP($A8,'Individual Stats'!$A$3:$K$18,11,FALSE)+VLOOKUP($D8,'Individual Stats'!$A$3:$K$18,11,FALSE) -> 108 | L8: =VLOOKUP($A8,'Individual Stats'!$A$3:$K$18,11,FALSE)/K8 -> 0.2962963 | M8: =J8*MAX(R8,0.5) -> 18.205714 | N8: =M8*$B$28 -> 22.757143 | O8: =VLOOKUP($C8,'Team Stats'!$A$2:$G$9,6,FALSE) -> 1.3385714 | P8: =VLOOKUP($A8,'Individual Stats'!$A$3:$I$18,9,FALSE)+VLOOKUP($D8,'Individual Stats'!$A$3:$I$18,9,FALSE) -> 14 | Q8: =S8/$S$18*50 -> 4.2857143 | R8: =VLOOKUP($A8,'Individual Stats'!$A$3:$I$18,9,FALSE)/P8 -> 0.64285714 | S8: =P8*R8 -> 9 | T8: =O8*$B$29*MAX(R8,0.5) -> 21.512755 | U8: =VLOOKUP($A8,'Individual Stats'!$A$3:$K$18,10,FALSE)-'Individual Stats'!$J$20 -> -13.8125 | V8: =U8*$B$30 -> -3.453125 | W8: =VLOOKUP($A8,'Individual Stats'!$A$3:$K$18,11,FALSE)-'Individual Stats'!$K$20 -> -12.466667 | X8: =W8*$B$31 -> -3.1166667
A9: ='Individual Stats'!A4 -> Mark | B9: =T9+V9+X9+N9+I9+Q9 -> 62.022851 | C9: =VLOOKUP("*"&A9&"*",'Team Stats'!$A$2:$A$9,1,FALSE) -> Mark/Neil | D9: Neil | E9: =VLOOKUP($C9,'Team Stats'!$A$2:$G$9,5,FALSE) -> 34.491429 | F9: =VLOOKUP($A9,'Individual Stats'!$A$3:$K$18,10,FALSE)+VLOOKUP($D9,'Individual Stats'!$A$3:$K$18,10,FALSE) -> 62 | G9: =VLOOKUP($A9,'Individual Stats'!$A$3:$K$18,10,FALSE)/F9 -> 0.48387097 | H9: =E9*MAX(R9,0.5) -> 25.293714 | I9: =H9*$B$27 -> 25.293714 | J9: =VLOOKUP($C9,'Team Stats'!$A$2:$G$9,7,FALSE) -> 23.158571 | K9: =VLOOKUP($A9,'Individual Stats'!$A$3:$K$18,11,FALSE)+VLOOKUP($D9,'Individual Stats'!$A$3:$K$18,11,FALSE) -> 36 | L9: =VLOOKUP($A9,'Individual Stats'!$A$3:$K$18,11,FALSE)/K9 -> 0.38888889 | M9: =J9*MAX(R9,0.5) -> 16.982952 | N9: =M9*$B$28 -> 21.22869 | O9: =VLOOKUP($C9,'Team Stats'!$A$2:$G$9,6,FALSE) -> 1.1635714 | P9: =VLOOKUP($A9,'Individual Stats'!$A$3:$I$18,9,FALSE)+VLOOKUP($D9,'Individual Stats'!$A$3:$I$18,9,FALSE) -> 15 | Q9: =S9/$S$18*50 -> 5.2380952 | R9: =VLOOKUP($A9,'Individual Stats'!$A$3:$I$18,9,FALSE)/P9 -> 0.73333333 | S9: =P9*R9 -> 11 | T9: =O9*$B$29*MAX(R9,0.5) -> 21.332143 | U9: =VLOOKUP($A9,'Individual Stats'!$A$3:$K$18,10,FALSE)-'Individual Stats'!$J$20 -> -13.8125 | V9: =U9*$B$30 -> -3.453125 | W9: =VLOOKUP($A9,'Individual Stats'!$A$3:$K$18,11,FALSE)-'Individual Stats'!$K$20 -> -30.466667 | X9: =W9*$B$31 -> -7.6166667
A10: ='Individual Stats'!A16 -> Todd | B10: =T10+V10+X10+N10+I10+Q10 -> 59.706042 | C10: =VLOOKUP("*"&A10&"*",'Team Stats'!$A$2:$A$9,1,FALSE) -> Todd/Mike C | D10: Mike C | E10: =VLOOKUP($C10,'Team Stats'!$A$2:$G$9,5,FALSE) -> 31.767143 | F10: =VLOOKUP($A10,'Individual Stats'!$A$3:$K$18,10,FALSE)+VLOOKUP($D10,'Individual Stats'!$A$3:$K$18,10,FALSE) -> 88 | G10: =VLOOKUP($A10,'Individual Stats'!$A$3:$K$18,10,FALSE)/F10 -> 0.63636364 | H10: =E10*MAX(R10,0.5) -> 15.883571 | I10: =H10*$B$27 -> 15.883571 | J10: =VLOOKUP($C10,'Team Stats'!$A$2:$G$9,7,FALSE) -> 25.494286 | K10: =VLOOKUP($A10,'Individual Stats'!$A$3:$K$18,11,FALSE)+VLOOKUP($D10,'Individual Stats'!$A$3:$K$18,11,FALSE) -> 75 | L10: =VLOOKUP($A10,'Individual Stats'!$A$3:$K$18,11,FALSE)/K10 -> 1 | M10: =J10*MAX(R10,0.5) -> 12.747143 | N10: =M10*$B$28 -> 15.933929 | O10: =VLOOKUP($C10,'Team Stats'!$A$2:$G$9,6,FALSE) -> 1.2242857 | P10: =VLOOKUP($A10,'Individual Stats'!$A$3:$I$18,9,FALSE)+VLOOKUP($D10,'Individual Stats'!$A$3:$I$18,9,FALSE) -> 9 | Q10: =S10/$S$18*50 -> 1.9047619 | R10: =VLOOKUP($A10,'Individual Stats'!$A$3:$I$18,9,FALSE)/P10 -> 0.44444444 | S10: =P10*R10 -> 4 | T10: =O10*$B$29*MAX(R10,0.5) -> 15.303571 | U10: =VLOOKUP($A10,'Individual Stats'!$A$3:$K$18,10,FALSE)-'Individual Stats'!$J$20 -> 12.1875 | V10: =U10*$B$30 -> 3.046875 | W10: =VLOOKUP($A10,'Individual Stats'!$A$3:$K$18,11,FALSE)-'Individual Stats'!$K$20 -> 30.533333 | X10: =W10*$B$31 -> 7.6333333
A11: ='Individual Stats'!A11 -> David | B11: =T11+V11+X11+N11+I11+Q11 -> 55.702946 | C11: =VLOOKUP("*"&A11&"*",'Team Stats'!$A$2:$A$9,1,FALSE) -> Daniel/David | D11: Daniel | E11: =VLOOKUP($C11,'Team Stats'!$A$2:$G$9,5,FALSE) -> 37.987143 | F11: =VLOOKUP($A11,'Individual Stats'!$A$3:$K$18,10,FALSE)+VLOOKUP($D11,'Individual Stats'!$A$3:$K$18,10,FALSE) -> 71 | G11: =VLOOKUP($A11,'Individual Stats'!$A$3:$K$18,10,FALSE)/F11 -> 0.42253521 | H11: =E11*MAX(R11,0.5) -> 18.993571 | I11: =H11*$B$27 -> 18.993571 | J11: =VLOOKUP($C11,'Team Stats'!$A$2:$G$9,7,FALSE) -> 27.037143 | K11: =VLOOKUP($A11,'Individual Stats'!$A$3:$K$18,11,FALSE)+VLOOKUP($D11,'Individual Stats'!$A$3:$K$18,11,FALSE) -> 109 | L11: =VLOOKUP($A11,'Individual Stats'!$A$3:$K$18,11,FALSE)/K11 -> 0.5412844 | M11: =J11*MAX(R11,0.5) -> 13.518571 | N11: =M11*$B$28 -> 16.898214 | O11: =VLOOKUP($C11,'Team Stats'!$A$2:$G$9,6,FALSE) -> 1.38 | P11: =VLOOKUP($A11,'Individual Stats'!$A$3:$I$18,9,FALSE)+VLOOKUP($D11,'Individual Stats'!$A$3:$I$18,9,FALSE) -> 23 | Q11: =S11/$S$18*50 -> 2.3809524 | R11: =VLOOKUP($A11,'Individual Stats'!$A$3:$I$18,9,FALSE)/P11 -> 0.2173913 | S11: =P11*R11 -> 5 | T11: =O11*$B$29*MAX(R11,0.5) -> 17.25 | U11: =VLOOKUP($A11,'Individual Stats'!$A$3:$K$18,10,FALSE)-'Individual Stats'!$J$20 -> -13.8125 | V11: =U11*$B$30 -> -3.453125 | W11: =VLOOKUP($A11,'Individual Stats'!$A$3:$K$18,11,FALSE)-'Individual Stats'!$K$20 -> 14.533333 | X11: =W11*$B$31 -> 3.6333333
A12: ='Individual Stats'!A17 -> Olver | B12: =T12+V12+X12+N12+I12+Q12 -> 54.95878 | C12: =VLOOKUP("*"&A12&"*",'Team Stats'!$A$2:$A$9,1,FALSE) -> Brian/Olver | D12: Brian | E12: =VLOOKUP($C12,'Team Stats'!$A$2:$G$9,5,FALSE) -> 31.292857 | F12: =VLOOKUP($A12,'Individual Stats'!$A$3:$K$18,10,FALSE)+VLOOKUP($D12,'Individual Stats'!$A$3:$K$18,10,FALSE) -> 118 | G12: =VLOOKUP($A12,'Individual Stats'!$A$3:$K$18,10,FALSE)/F12 -> 0.72881356 | H12: =E12*MAX(R12,0.5) -> 15.646429 | I12: =H12*$B$27 -> 15.646429 | J12: =VLOOKUP($C12,'Team Stats'!$A$2:$G$9,7,FALSE) -> 25.868571 | K12: =VLOOKUP($A12,'Individual Stats'!$A$3:$K$18,11,FALSE)+VLOOKUP($D12,'Individual Stats'!$A$3:$K$18,11,FALSE) -> 111 | L12: =VLOOKUP($A12,'Individual Stats'!$A$3:$K$18,11,FALSE)/K12 -> 0.25225225 | M12: =J12*MAX(R12,0.5) -> 12.934286 | N12: =M12*$B$28 -> 16.167857 | O12: =VLOOKUP($C12,'Team Stats'!$A$2:$G$9,6,FALSE) -> 1.2228571 | P12: =VLOOKUP($A12,'Individual Stats'!$A$3:$I$18,9,FALSE)+VLOOKUP($D12,'Individual Stats'!$A$3:$I$18,9,FALSE) -> 9 | Q12: =S12/$S$18*50 -> 1.4285714 | R12: =VLOOKUP($A12,'Individual Stats'!$A$3:$I$18,9,FALSE)/P12 -> 0.33333333 | S12: =P12*R12 -> 3 | T12: =O12*$B$29*MAX(R12,0.5) -> 15.285714 | U12: =VLOOKUP($A12,'Individual Stats'!$A$3:$K$18,10,FALSE)-'Individual Stats'!$J$20 -> 42.1875 | V12: =U12*$B$30 -> 10.546875 | W12: =VLOOKUP($A12,'Individual Stats'!$A$3:$K$18,11,FALSE)-'Individual Stats'!$K$20 -> -16.466667 | X12: =W12*$B$31 -> -4.1166667
A13: ='Individual Stats'!A14 -> Clarence | B13: =T13+V13+X13+N13+I13+Q13 -> 51.056577 | C13: =VLOOKUP("*"&A13&"*",'Team Stats'!$A$2:$A$9,1,FALSE) -> Clarence/Mike H | D13: Mike H | E13: =VLOOKUP($C13,'Team Stats'!$A$2:$G$9,5,FALSE) -> 36.184286 | F13: =VLOOKUP($A13,'Individual Stats'!$A$3:$K$18,10,FALSE)+VLOOKUP($D13,'Individual Stats'!$A$3:$K$18,10,FALSE) -> 76 | G13: =VLOOKUP($A13,'Individual Stats'!$A$3:$K$18,10,FALSE)/F13 -> 0.55263158 | H13: =E13*MAX(R13,0.5) -> 18.092143 | I13: =H13*$B$27 -> 18.092143 | J13: =VLOOKUP($C13,'Team Stats'!$A$2:$G$9,7,FALSE) -> 27.564286 | K13: =VLOOKUP($A13,'Individual Stats'!$A$3:$K$18,11,FALSE)+VLOOKUP($D13,'Individual Stats'!$A$3:$K$18,11,FALSE) -> 77 | L13: =VLOOKUP($A13,'Individual Stats'!$A$3:$K$18,11,FALSE)/K13 -> 0.48051948 | M13: =J13*MAX(R13,0.5) -> 13.782143 | N13: =M13*$B$28 -> 17.227679 | O13: =VLOOKUP($C13,'Team Stats'!$A$2:$G$9,6,FALSE) -> 1.2921429 | P13: =VLOOKUP($A13,'Individual Stats'!$A$3:$I$18,9,FALSE)+VLOOKUP($D13,'Individual Stats'!$A$3:$I$18,9,FALSE) -> 11 | Q13: =S13/$S$18*50 -> 1.9047619 | R13: =VLOOKUP($A13,'Individual Stats'!$A$3:$I$18,9,FALSE)/P13 -> 0.36363636 | S13: =P13*R13 -> 4 | T13: =O13*$B$29*MAX(R13,0.5) -> 16.151786 | U13: =VLOOKUP($A13,'Individual Stats'!$A$3:$K$18,10,FALSE)-'Individual Stats'!$J$20 -> -1.8125 | V13: =U13*$B$30 -> -0.453125 | W13: =VLOOKUP($A13,'Individual Stats'!$A$3:$K$18,11,FALSE)-'Individual Stats'!$K$20 -> -7.4666667 | X13: =W13*$B$31 -> -1.8666667
A14: ='Individual Stats'!A9 -> Paul | B14: =T14+V14+X14+N14+I14+Q14 -> 47.107827 | C14: =VLOOKUP("*"&A14&"*",'Team Stats'!$A$2:$A$9,1,FALSE) -> Kevin/Paul | D14: Kevin | E14: =VLOOKUP($C14,'Team Stats'!$A$2:$G$9,5,FALSE) -> 34.702857 | F14: =VLOOKUP($A14,'Individual Stats'!$A$3:$K$18,10,FALSE)+VLOOKUP($D14,'Individual Stats'!$A$3:$K$18,10,FALSE) -> 124 | G14: =VLOOKUP($A14,'Individual Stats'!$A$3:$K$18,10,FALSE)/F14 -> 0.25806452 | H14: =E14*MAX(R14,0.5) -> 17.351429 | I14: =H14*$B$27 -> 17.351429 | J14: =VLOOKUP($C14,'Team Stats'!$A$2:$G$9,7,FALSE) -> 27.345714 | K14: =VLOOKUP($A14,'Individual Stats'!$A$3:$K$18,11,FALSE)+VLOOKUP($D14,'Individual Stats'!$A$3:$K$18,11,FALSE) -> 61 | L14: =VLOOKUP($A14,'Individual Stats'!$A$3:$K$18,11,FALSE)/K14 -> 0.32786885 | M14: =J14*MAX(R14,0.5) -> 13.672857 | N14: =M14*$B$28 -> 17.091071 | O14: =VLOOKUP($C14,'Team Stats'!$A$2:$G$9,6,FALSE) -> 1.4721429 | P14: =VLOOKUP($A14,'Individual Stats'!$A$3:$I$18,9,FALSE)+VLOOKUP($D14,'Individual Stats'!$A$3:$I$18,9,FALSE) -> 14 | Q14: =S14/$S$18*50 -> 3.3333333 | R14: =VLOOKUP($A14,'Individual Stats'!$A$3:$I$18,9,FALSE)/P14 -> 0.5 | S14: =P14*R14 -> 7 | T14: =O14*$B$29*MAX(R14,0.5) -> 18.401786 | U14: =VLOOKUP($A14,'Individual Stats'!$A$3:$K$18,10,FALSE)-'Individual Stats'!$J$20 -> -11.8125 | V14: =U14*$B$30 -> -2.953125 | W14: =VLOOKUP($A14,'Individual Stats'!$A$3:$K$18,11,FALSE)-'Individual Stats'!$K$20 -> -24.466667 | X14: =W14*$B$31 -> -6.1166667
A15: ='Individual Stats'!A13 -> Mike C | B15: =T15+V15+X15+N15+I15+Q15 -> 40.667907 | C15: =VLOOKUP("*"&A15&"*",'Team Stats'!$A$2:$A$9,1,FALSE) -> Todd/Mike C | D15: Todd | E15: =VLOOKUP($C15,'Team Stats'!$A$2:$G$9,5,FALSE) -> 31.767143 | F15: =VLOOKUP($A15,'Individual Stats'!$A$3:$K$18,10,FALSE)+VLOOKUP($D15,'Individual Stats'!$A$3:$K$18,10,FALSE) -> 88 | G15: =VLOOKUP($A15,'Individual Stats'!$A$3:$K$18,10,FALSE)/F15 -> 0.36363636 | H15: =E15*MAX(R15,0.5) -> 17.648413 | I15: =H15*$B$27 -> 17.648413 | J15: =VLOOKUP($C15,'Team Stats'!$A$2:$G$9,7,FALSE) -> 25.494286 | K15: =VLOOKUP($A15,'Individual Stats'!$A$3:$K$18,11,FALSE)+VLOOKUP($D15,'Individual Stats'!$A$3:$K$18,11,FALSE) -> 75 | L15: =VLOOKUP($A15,'Individual Stats'!$A$3:$K$18,11,FALSE)/K15 -> 0 | M15: =J15*MAX(R15,0.5) -> 14.163492 | N15: =M15*$B$28 -> 17.704365 | O15: =VLOOKUP($C15,'Team Stats'!$A$2:$G$9,6,FALSE) -> 1.2242857 | P15: =VLOOKUP($A15,'Individual Stats'!$A$3:$I$18,9,FALSE)+VLOOKUP($D15,'Individual Stats'!$A$3:$I$18,9,FALSE) -> 9 | Q15: =S15/$S$18*50 -> 2.3809524 | R15: =VLOOKUP($A15,'Individual Stats'!$A$3:$I$18,9,FALSE)/P15 -> 0.55555556 | S15: =P15*R15 -> 5 | T15: =O15*$B$29*MAX(R15,0.5) -> 17.003968 | U15: =VLOOKUP($A15,'Individual Stats'!$A$3:$K$18,10,FALSE)-'Individual Stats'!$J$20 -> -11.8125 | V15: =U15*$B$30 -> -2.953125 | W15: =VLOOKUP($A15,'Individual Stats'!$A$3:$K$18,11,FALSE)-'Individual Stats'!$K$20 -> -44.466667 | X15: =W15*$B$31 -> -11.116667
A16: ='Individual Stats'!A15 -> Neil | B16: =T16+V16+X16+N16+I16+Q16 -> 39.599435 | C16: =VLOOKUP("*"&A16&"*",'Team Stats'!$A$2:$A$9,1,FALSE) -> Mark/Neil | D16: Mark | E16: =VLOOKUP($C16,'Team Stats'!$A$2:$G$9,5,FALSE) -> 34.491429 | F16: =VLOOKUP($A16,'Individual Stats'!$A$3:$K$18,10,FALSE)+VLOOKUP($D16,'Individual Stats'!$A$3:$K$18,10,FALSE) -> 62 | G16: =VLOOKUP($A16,'Individual Stats'!$A$3:$K$18,10,FALSE)/F16 -> 0.51612903 | H16: =E16*MAX(R16,0.5) -> 17.245714 | I16: =H16*$B$27 -> 17.245714 | J16: =VLOOKUP($C16,'Team Stats'!$A$2:$G$9,7,FALSE) -> 23.158571 | K16: =VLOOKUP($A16,'Individual Stats'!$A$3:$K$18,11,FALSE)+VLOOKUP($D16,'Individual Stats'!$A$3:$K$18,11,FALSE) -> 36 | L16: =VLOOKUP($A16,'Individual Stats'!$A$3:$K$18,11,FALSE)/K16 -> 0.61111111 | M16: =J16*MAX(R16,0.5) -> 11.579286 | N16: =M16*$B$28 -> 14.474107 | O16: =VLOOKUP($C16,'Team Stats'!$A$2:$G$9,6,FALSE) -> 1.1635714 | P16: =VLOOKUP($A16,'Individual Stats'!$A$3:$I$18,9,FALSE)+VLOOKUP($D16,'Individual Stats'!$A$3:$I$18,9,FALSE) -> 15 | Q16: =S16/$S$18*50 -> 1.9047619 | R16: =VLOOKUP($A16,'Individual Stats'!$A$3:$I$18,9,FALSE)/P16 -> 0.26666667 | S16: =P16*R16 -> 4 | T16: =O16*$B$29*MAX(R16,0.5) -> 14.544643 | U16: =VLOOKUP($A16,'Individual Stats'!$A$3:$K$18,10,FALSE)-'Individual Stats'!$J$20 -> -11.8125 | V16: =U16*$B$30 -> -2.953125 | W16: =VLOOKUP($A16,'Individual Stats'!$A$3:$K$18,11,FALSE)-'Individual Stats'!$K$20 -> -22.466667 | X16: =W16*$B$31 -> -5.6166667
A17: ='Individual Stats'!A18 -> Tony | B17: =T17+V17+X17+N17+I17+Q17 -> 33.737768 | C17: =VLOOKUP("*"&A17&"*",'Team Stats'!$A$2:$A$9,1,FALSE) -> Tayven/Tony | D17: Tayven | E17: =VLOOKUP($C17,'Team Stats'!$A$2:$G$9,5,FALSE) -> 31.537143 | F17: =VLOOKUP($A17,'Individual Stats'!$A$3:$K$18,10,FALSE)+VLOOKUP($D17,'Individual Stats'!$A$3:$K$18,10,FALSE) -> 52 | G17: =VLOOKUP($A17,'Individual Stats'!$A$3:$K$18,10,FALSE)/F17 -> 0.076923077 | H17: =E17*MAX(R17,0.5) -> 15.768571 | I17: =H17*$B$27 -> 15.768571 | J17: =VLOOKUP($C17,'Team Stats'!$A$2:$G$9,7,FALSE) -> 21.324286 | K17: =VLOOKUP($A17,'Individual Stats'!$A$3:$K$18,11,FALSE)+VLOOKUP($D17,'Individual Stats'!$A$3:$K$18,11,FALSE) -> 90 | L17: =VLOOKUP($A17,'Individual Stats'!$A$3:$K$18,11,FALSE)/K17 -> 0.42222222 | M17: =J17*MAX(R17,0.5) -> 10.662143 | N17: =M17*$B$28 -> 13.327679 | O17: =VLOOKUP($C17,'Team Stats'!$A$2:$G$9,6,FALSE) -> 1.2207143 | P17: =VLOOKUP($A17,'Individual Stats'!$A$3:$I$18,9,FALSE)+VLOOKUP($D17,'Individual Stats'!$A$3:$I$18,9,FALSE) -> 10 | Q17: =S17/$S$18*50 -> 0.95238095 | R17: =VLOOKUP($A17,'Individual Stats'!$A$3:$I$18,9,FALSE)/P17 -> 0.2 | S17: =P17*R17 -> 2 | T17: =O17*$B$29*MAX(R17,0.5) -> 15.258929 | U17: =VLOOKUP($A17,'Individual Stats'!$A$3:$K$18,10,FALSE)-'Individual Stats'!$J$20 -> -39.8125 | V17: =U17*$B$30 -> -9.953125 | W17: =VLOOKUP($A17,'Individual Stats'!$A$3:$K$18,11,FALSE)-'Individual Stats'!$K$20 -> -6.4666667 | X17: =W17*$B$31 -> -1.6166667
H18: =AVERAGE(H2:H17) -> 19.803801 | I18: =H18*$B$27 -> 19.803801 | M18: =AVERAGE(M2:M17) -> 14.942937 | N18: =M18*$B$28 -> 18.678672 | P18: =SUM(P2:P17) -> 210 | Q18: =AVERAGE(Q2:Q17) -> 3.125 | S18: =SUM(S2:S17) -> 105 | T18: =AVERAGE(T2:T17) -> 18.720705
A27: 501 weight | B27: 1
A28: 301 weight | B28: 1.25
A29: Cricket weight | B29: 25
A30: In weigth | B30: 0.25
A31: Out weight | B31: 0.25
